0.2767130947152007,-0.0318726941212128,1.5249191635330133,0.8081754176662762,0.648432050203817
1.7225645665519775,-0.8668878724263939,-0.33109091885694475,-0.2493881765928799,2.0613727256942718
-1.0158863152654656,0.5048294950557904,1.3830398847115475,-0.806679138904041,-0.6480547641349869
-0.5089647368000083,-0.652374717235848,1.9211665085906544,1.929822698447528,-0.792719059100755
0.49110550110856943,-0.09320323749405125,2.455429874810852,0.11239037728375208,0.0499550239634185
1.502228604290426,-0.030843685120959405,-1.9781294201860868,0.3113697133997121,0.6936204219672997
0.06000835162275057,-0.36219900549665884,-1.1155990517992989,-0.5513268909826964,0.07095905073979858
-1.1537686929643833,1.9675951687316253,-0.05660889956070907,0.5382438491347179,0.9078809832890008
-0.9698424595025159,1.2413123006168207,0.35385074645094144,0.7513013874162797,-2.3531675926953923
0.42456723007039415,0.7032936705216664,0.02119831255801406,0.4650164773066286,0.9895988725039545
-1.7821307664678756,-0.7080077692882363,1.3024109876210075,1.6348896091730534,0.337698095390997
-0.17629554383604848,0.24544829844479604,0.5045003383666188,0.7235711445817234,-0.12729755625677908
-2.592974073723138,0.0657492043146501,-0.7193250267700845,1.4276358535822928,1.0184461009581356
-2.288323674145664,1.9437401004281267,-0.5990639978968784,0.5162721765279571,0.1056727051504807
-1.1717410697179205,3.22205062065604,1.2457646228721966,-0.49954168019347195,-0.6660315962248134
0.41705506144570154,0.13378366574698244,1.5355960568331755,-0.36392194899762326,-0.402369882040464
-0.9106596009391061,2.1232303312063765,0.5225614718928342,0.5943533277868208,1.8664800957572778
-0.9404947066944844,-0.3826987009999376,-1.2274547825678486,0.44003336644151375,-2.6649684924643764
-2.839209280727924,-0.8961293841342571,0.09701540952780198,1.1165885481057707,0.4979069758002674
-0.5813352308531338,-0.6412741111038285,1.1056709422018327,-0.632844335456351,1.1141866462468568
-1.8580076791557967,-1.0139508050409989,0.010483410135697195,-0.005344468137576777,0.5403745498109809
0.36316569659500525,0.8388454898357259,-0.2711844811263989,3.2803910796793123,0.6004170067373441
-0.7635939789672647,-1.54176494894192,-1.1231876693864629,-1.0242284201796215,-2.8573228490952003
0.31464052755229405,-1.622548338727785,0.9072411763306532,-0.653342695598453,1.6721357402210042
0.031970613852142324,-0.7295242783891049,2.0344387454226687,1.1410428099666563,0.581194940533658
-1.303355163854022,-1.2769108307899741,0.222909387456068,2.489846562166409,0.9780614193531173
-0.41805161390702544,1.6349526613728897,-0.30518365247008955,-1.2621888686827976,-0.3714290611655662
-0.9467349985996757,0.4348931525301873,-1.0834329922109938,-0.2145464699480494,0.9697055666957146
-0.9330085512027718,0.33404205364394396,2.1590025994034665,1.2645044622273922,3.1413354635434936
1.238143089082167,0.16772559446736934,3.0123620408784553,1.137110371857419,-0.8631033114774745
1.9210005269092671,1.8652483168637184,-0.21707300122481124,0.742523874645636,-0.5462158674463575
-2.235431706434936,1.009493781073879,-0.3205512005116089,1.187569862048196,0.017139076389713404
-2.1131847632830403,0.5173284680436863,-1.0017398692547417,-0.3808203975959094,-1.1130945256895914
-0.3539360049491927,-1.0899426648295933,0.5954480284586151,-0.4007490194643232,-0.806705872093631
-1.3019255513408086,0.9354134942876663,-0.35085511866258573,-0.4030026113580307,1.8668662433624625
0.6868773697625989,-0.5213260042122203,0.9257064125791831,0.1395551124740601,0.39595065304505944
-1.8484464056085774,0.23390936271961488,1.4589950228994748,0.8754862888163617,-1.3091377361525074
0.42261014318919843,-2.452301718580503,1.2997635617495813,-0.2596218369065548,-0.5952308348991522
0.024924378834427555,-0.8877362604449416,0.5037976195220579,0.3502671848140898,1.256736977685609
0.7480513146882296,1.0466198816056183,-0.44999089319543834,-0.7447388021252627,0.5346971242496785
-0.9556472029119761,2.5540877625332725,-0.4767877542895608,1.6418224827648609,-0.9728677279677662
-0.09385400711580417,-0.4846012692544267,0.4670260574574091,-1.8803292418599051,-1.8870664021955317
-0.7099100996828765,2.5670226583176743,0.4819118972150348,0.21453878946736163,-0.26779394797263234
0.9286736508591926,-1.0656470986052193,-0.6608242029178857,-1.4899865044520366,-0.3241965833191453
0.06695938257599572,-0.3617847634064459,0.9698659174874389,-0.10688397411125003,-0.6986840414322284
-0.23583782964670724,-1.641004591941995,-1.1960234973718404,0.37519418555212763,1.281684626343756
-2.2853174030961476,-1.568641323976938,-0.3947898405951857,0.5989951045669325,-1.3215117415709616
1.2008351049080168,-1.234964927663733,0.6088813197405128,-0.4240138468762269,-0.336864960579853
-1.0401289508176499,-0.872067644151267,0.0759253795692845,-2.0639966063564823,0.12155370704000486
0.8445755639346154,1.0359460512449692,-1.4154644555872367,-0.8735539013302597,2.929320065797308
0.9196968934173619,-0.38795670857495546,0.5630649081613084,-0.8106487937689106,-0.006132376254153073
-1.3043561752622501,0.012286994969866545,-0.14799519689369217,0.4934622229324185,1.3889750437727812
-0.5925164691038471,1.06223940689885,-0.022570346711862258,1.9913865390967374,-0.10514551159369473
0.09315092782441407,2.9508832004324286,-0.5085166306315936,0.05582304018852629,-0.7167018937904429
1.8854968307506528,0.4169571940523918,-2.2224133097230854,0.4654813208872622,-0.09649295771090628
0.4102094925257051,-1.507543193062649,0.3083994112786002,0.7073640976016121,-0.4838508772767873
-0.2674148524300905,-2.3511865030661965,-0.5735885462018876,1.1843918323174532,1.44361751980015
0.3779058659374326,2.2864873699759456,0.6459772247192196,-2.222199372881075,0.9126278335687099
0.2007111695708215,-0.9666796968350013,-1.165491682723651,-0.4169375430682619,-1.0227456620910622
0.37558824644497874,-0.08727968286723577,-1.4467275073833494,-3.7577635048265785,-0.680958788234768
-0.22083030088136807,-0.3297842863878055,0.9265090384994462,-2.605368778518225,-0.9166074247021696
-0.30592292855874526,2.0479911946700056,0.12564927379185994,0.44865389602670475,-0.7213464627253392
-0.20829245594687304,-0.08681475164310638,2.11382349632724,-0.2906204925437145,-1.548656690355815
1.6294049566009081,0.6826491972677918,-0.848315044276043,0.8937123079035015,-0.427476187327973
-2.0671355653215233,-0.6597791560751554,0.381350099184317,2.4003347430490294,-0.9258534110616602
-1.1142461856139125,-1.081587826238296,2.3088847405542867,-0.5643582643843972,0.6841227938646451
-1.0455436447358692,-0.35351583836573935,0.22148654432650805,-1.9777787107685434,-0.3453537869870629
0.9954529617316663,-0.23269713655099716,-0.24383033144478486,-1.7584985996331928,1.3056185395201398
-2.218522292299673,0.4829215021945511,3.1117363906951683,-1.5306205731323204,-2.3108354280157712
2.1811641778757753,-0.12263692266264326,0.47327526314738466,0.9442161237328179,0.554032065446796
2.715963914757921,-0.49891922250849974,0.12036065201577731,1.757768228957038,-0.09656999591993447
-1.8544759333956236,0.2694106639028021,-1.596236075547749,0.006523092564426324,-0.5986383889181106
-0.20629751298162283,0.33596833854810304,0.5393198761714997,-0.9124430979804746,1.4730357327155406
-0.02684014550909403,0.7453170649444557,2.127785504398564,0.4821251265581379,1.7823717892559086
0.2783684797167223,-0.6006862941963966,1.5485345374596693,3.2752202488114004,0.3936473676476712
0.5545886994342464,0.12636280207492906,-0.14764966435197707,-3.0134877110001437,-0.39756471466014265
0.3578642361215008,-2.3458380014270053,-1.991304066757769,0.8422777499652138,1.4677074621959947
2.1605056525413184,-0.5440178028952668,-0.1784247915477684,-1.0058593304452095,0.5741018252058101
1.9972191922535825,0.05728354346541902,0.5845456865424485,0.09976197598322574,3.0826660163589565
1.1810432321010436,0.3909715187083479,0.0702825858964255,-0.7436431761348491,0.19232926169062325
-0.7383182690706515,1.2247008729486515,-1.0089718824878693,-0.7044597363754862,0.08254810339059432
-0.1673432357898244,-0.35685712279920606,-0.2573078288370205,-1.6506386111394789,0.21008835026918132
0.5025328609812467,-2.2938580268650326,-0.4067299967459335,1.041095659786698,0.45575091686493585
-0.4077667980520918,1.0760007170925365,0.15090918251859822,-2.1714259651647208,-0.47362083222899365
-1.4159672282704105,0.8488866515983753,-0.5385226940051536,0.7057064709329705,0.6746023897912105
0.32815633740572936,0.7711077859662436,0.7709389017659771,-0.025433782436887455,-1.6889860385018862
0.5429850828091881,0.5540633610480619,-0.8029112810069261,0.8332769986573578,-2.3376220773381506
-1.1382226690529116,-1.4329440779745404,-0.4655656986380307,0.35255291524309273,0.24328817465404015
0.9047953398280763,0.9395434068201723,-1.3094188571708767,-1.7812872775188466,1.2429472442774971
-1.9926820795360567,0.10858102616978874,0.08013352198690167,0.1617165076468052,-0.12021047023845387
-0.12162274493473775,-1.682348024651722,-1.7887048493032494,0.00385939935286135,0.40164975268228653
-0.5391931215847208,-1.8723124402065783,1.2724103211015338,0.0862661343188214,-2.1601794101677925
0.48341212204536105,0.5934105077002865,0.8390994335801621,-0.22676689552614682,-1.2385900888943582
-0.08224091413565983,0.46690682351145973,-0.6203535225217299,-0.7454966732119254,-0.10589213652883663
2.5105162678874047,-2.304926350089719,0.4582379760396316,1.7034471165100376,-0.23826029744316846
1.685151717514077,-1.7980514233056362,0.18875447534506376,-0.9359081189927754,-1.1015608579927392
-1.3826121258806117,0.711897355802061,0.39636609728563255,-2.2478867854654183,-0.8171386680127044
0.2509080600928649,-1.8184059653291904,0.45980763466123853,0.5714048443216556,0.21024842355805293
-1.6643558154449873,1.3089078812260575,-0.9890531826997991,-0.33661717361899157,1.4818941257605995
-0.9743494431498338,0.3008417706846875,-1.332145582519998,-0.7478455550648347,-1.890900229849425
0.3556417656883885,-0.8223423946630614,-0.9230333968930502,0.5430030964345225,-0.2524219892153255
-0.41962508398955717,-1.235055043913441,1.367989207598902,-1.1075240642270627,-0.7882133149225004
0.6708732014952257,0.6540130510142048,1.1926491002169266,-0.7958225175253905,0.06289279368215178
2.2473557786664897,0.8254824617918474,-0.00690127064977414,1.382503745581886,-1.80690944721841
-2.9929280948443195,0.21227624959185648,-0.32896041198691434,0.1614863194405207,0.6321009849021243
-1.0014026746277807,-0.7246445620650545,1.1529499911812087,0.07254636385384194,-0.6890268937999923
0.02687851503226698,1.8020434598830124,0.3811164769429368,-0.6548831718313403,-0.2947610358813898
-0.7672027965238722,-1.7464427890261658,-0.2519837161655292,0.7722165928251218,-0.255583782870152
-0.558186964091641,-1.4995080808406787,-0.8132852473123644,0.3264241944521908,1.644631176575334
0.263540871622776,-0.7531657461141978,-2.0511999316915945,0.9604730050137771,-2.05668757663395
-2.153942440528317,0.4091288092636403,0.2516787095031067,1.4186386559391224,-2.04809594287969
-0.636126108639458,1.6255608822350898,-0.12925443735451878,-0.44212645844269405,-1.4344818228968466
-1.3564377558792802,0.525280696847811,0.6368872074230909,0.04256877980998459,-0.12185640410144508
0.9378479384381245,2.0879400616378576,0.6872169379350741,0.25665975438272326,-1.4880294934088514
-0.9266852875854461,0.6392044448165716,-0.5906891145891189,1.0859863437992339,-1.108289371908149
-1.0748074013103042,-0.2572812405695919,-0.6143692179559296,-0.12580758315064225,-1.127513267784849
-0.8186420873721392,2.019934826417007,1.225294820415395,-1.4023262211690557,-0.2433628109342771
-0.5874210330300125,1.0875627157108363,-0.1998274768246128,0.6658891360336886,1.3807832000050653
-0.17467979973386324,1.524365211358217,-0.7383505465747843,0.8572280963983593,1.1024924327773942
1.458070702198132,1.1667271186657702,0.9647896685466991,-1.7046239367720526,0.04863519331022741
-1.1663289031869724,0.4153396104668117,0.2687365669682936,1.5243867133345022,0.377297972695325
0.42781920467735574,0.9549533315217064,-0.891739753164346,1.903469587396788,0.07602220953824888
1.0813564979079833,0.711413713980196,1.517064466245073,-1.224685587582014,-0.4334144444227556
0.8322677836313843,-1.3946850479961224,-0.5888689378070734,-0.8130543221648955,0.4794846646706232
2.756935711219374,-0.1293209871805427,1.562721264447221,-0.5554197851409967,-1.310685445985603
1.135559242516973,0.7035175740524443,0.7941385984778998,-0.8438671972579537,-0.14100832679461422
-0.20696119268150337,0.2401024800652876,-1.8301744048662492,-0.38935508326838736,1.7738515859947868
-2.2533896654778003,-0.47679636416635646,-1.8881425872537458,0.0846400139160989,-0.26327947563123366
0.14557813704851005,-0.058764130484690064,-0.2680318501171384,-0.3625682369010077,-1.2447838494296004
-1.0852657132982806,1.2991146307974966,1.129989464118502,-1.0079299724764874,-2.4063279268254694
-1.161336444185202,0.026727410271400995,0.8415101370482914,-1.2801201086096907,2.0890183723524047
0.7097311708164366,1.0825345423418526,2.287322751253564,-0.8245825311009187,-0.2981083530525013
1.084340460630083,-0.9198731332677066,1.654125657703171,-0.522861893408524,0.22127814821948444
-0.5597672163880681,0.6212021873445513,0.7300042506932348,-2.915044858631276,2.060747324252108
-0.40672006631733154,0.3756662349751562,0.5014311705086907,-0.21567629877269145,-0.14743787927898658
-2.4532106107805336,0.109295101500117,1.3935140381117053,-0.009623633364040544,-0.36729893668764235
1.0716829604557556,-2.593239559084147,-0.3985046620085975,0.9148394388673448,0.21904854610317623
-2.252932218753047,-0.3651982289514324,0.28639950554205096,-0.4240246452279453,0.07754230489498076
-1.6111192393179672,-3.9065488496190652,-0.5741755554948172,0.04554333133724733,1.3214401510021299
1.858554573645005,-0.4857549003657139,3.4818393547034767,0.1574490575746086,0.3914740332257415
-0.23658371218151072,-0.5717187067987736,-2.459942920180907,-0.8472761255563159,-1.8303575968592558
0.22249517632536994,-2.470247476530628,0.7788256620624152,-0.49484978826348935,0.7230952070945946
1.3740166413651917,0.7353934101092807,-2.458994463165373,-0.40227112524106445,-0.9013804821465546
0.43399142726128287,-2.499240671546994,0.039229708913720816,-0.03041797568409128,-1.5946590878472409
-1.8968072125732676,0.2983257723855047,-1.4773257421722188,0.19319483917773522,0.6744976505666831
-1.3301366719757224,-1.778331384877023,0.7538428925692614,0.9904884898923793,0.12843986293279383
0.3484033384137027,0.01572237429014378,0.46436059856824663,0.1393129976332674,0.6531059420261008
0.039625577664283394,2.0251070610173083,0.2638784714916933,0.26091700142967017,-1.3354047789093095
0.01365849091886332,-0.05753700640604556,0.9768743783817748,0.43154164157673863,-0.10862557548950424
-0.5851522407053182,1.6981787567427409,0.6439125696603931,-1.0038774896004217,-1.2532142030297928
-0.1862040433871958,-0.5616594372287803,1.174852070638422,-0.6033717578618021,-1.4711207354809546
-0.8718878247882283,0.6609906711763183,-0.13413054277078898,-0.9019517587575573,1.4751423890409492
-2.5649346655340572,0.13425052934589493,1.4355076695317592,0.7368680720452138,-0.620807951097307
1.8664560505022152,0.6842624990969732,-0.6127542558855067,0.19974117230675856,-1.1672427067325988
1.8015523539407075,-1.8330622232500016,-1.5933260587782356,-2.0376378757395845,-0.34862731523775864
0.7144669923826611,-0.915257571093368,1.9365072760568436,-0.6934004709735545,0.7178599934789824
-1.2622237993995984,1.4198700183119637,2.645708266831583,0.768563219776273,-0.6367047880838925
0.026905164292268823,0.22201239661399788,-1.2623403849567445,-0.5362857675092586,-0.2993077232419731
0.9429213139119972,0.10195664813131101,-0.5007070826574823,0.08642634007033716,-1.6413267615953162
0.2135453290050471,-1.8092358309074168,-0.5482031340785062,-1.257773725980218,0.8612115077813591
-0.9549653147604958,0.9565742798024635,0.981939726821777,0.5148037554256131,0.6849700483652734
-0.9938661719150723,-0.630997185588977,-0.5618700862790307,-0.5186234387121729,0.6580070838206112
-0.6205382666113922,-0.899405565948888,0.3449888164517918,-0.2692222813323545,0.12428232342680404
0.05173489624679406,0.2243970993205265,0.02201434664416874,-0.977230410349925,-2.3424437371104965
0.9550566143188757,0.5925734508614178,0.274977174934255,0.9879256388240496,0.12555499299573242
0.5911377305955243,-0.1320277381089089,-0.479916140694275,-1.5149717624580248,-1.1921898649460423
-0.35257273847393295,0.9154372288585765,-0.9963301176753752,1.3525076623464216,0.09126034708429784
-0.49402853480267467,0.9192528481483445,-0.6950914078618969,-0.9408390793539874,-1.3781535946424157
-1.2602725891049844,2.0885069409169827,-1.9063285917227313,-0.2944439770142677,-0.22553496754095625
-1.9602317979807147,1.191580329822378,-0.8168990205298776,-0.959061662415085,2.714424917781637
0.26713622569987605,-1.7818928986929938,-0.3009465302802311,0.27837733709575385,-1.6272651887750549
-1.3271686189652354,0.16585118802390786,0.9794831752168489,-0.9986475988739153,0.626635722276499
1.2991862285763371,1.1365991025543714,-2.072192246928104,0.8713765360311524,0.22752517230367364
0.0299471060667128,-0.9307006386776343,3.2955246521640817,-2.151966968539741,0.3757901107221584
0.5832065331484106,1.4576642405633033,-0.19743633647312983,-0.7885379258829679,0.7701329919119947
2.244451539556298,-0.1392741619281759,0.34887006401855114,2.429234772403335,-0.8994723830467405
0.7108896409088817,1.2638415633401816,-0.4357978858231645,-1.3582466652966823,-0.8692133936865708
-1.236312555028711,-0.356592576587233,0.311826270239646,1.8156821081868681,-0.018625332916010474
0.25725862340943223,-0.743604315353286,-2.2850109077600145,1.9511841152071279,0.3580141371174384
-0.4182254179479908,-1.4211394679851248,-0.7421938928598654,1.4700078238812366,-0.13605781233348627
-1.58716790387087,0.10659566740473624,0.43562118075233536,-0.5368571084562973,0.10293836272551304
-2.488282796433445,-0.4248715940309393,0.2959899861638499,-1.8060108318444326,2.163312722760025
-0.8516835939462148,0.563179334422536,0.28449083266806374,0.04496617578392672,0.33497530300635525
-0.992271704804838,1.1788304178663687,1.1237171075155736,-0.4781311920770776,-0.7724052243922437
0.6096731249929097,-1.939160835450553,0.464499632643004,-2.1086957725364526,-0.7558382602506244
1.4489979948828604,0.8341803082241669,-0.11979685485698141,-1.9551844921540917,-0.8788702888265146
-0.8752888413537766,1.237377362576302,-0.3740890192671371,-0.5944798389850745,-2.3175957981225532
-0.09844425988978152,-0.6153866322577938,1.5736021143956862,-0.15067641907544477,-0.5172075598751769
3.1728771927011437,1.3283357393997157,-0.6965318422275395,-2.3040877865972718,-2.471134610666458
-0.7306082659428387,0.1716773393580464,-0.925359861682622,-1.3011801577257815,1.2552040061397989
-3.433769076801585,-0.05280136269316758,-1.7662091058788723,-0.16061777808764038,0.9041137936657643
-0.09975815327426593,0.7085769539825616,-0.45582272068930846,0.973573643063991,1.8159023763563193
-0.2354799488843534,2.7900010342437596,0.9992497726335939,2.3156864335380227,0.9443447147204687
0.4425432129951539,-0.8118503067211081,-0.4730595570162994,-1.3522519004495719,-1.3060152645209866
0.769937943248442,-0.021998815902571186,-0.4378163152794539,0.2640629252076896,2.753342643149744
0.13901785163710412,1.3653818044768133,1.3431824508224268,-0.8555632010370623,1.762688678406688
-0.9203522539996392,2.8075240748716808,1.9011051036304323,0.15502498302297277,0.5143205544759009
1.38953144352223,0.39517174294174834,-0.0601737771237632,-1.1266987366705021,1.0827586286988455
0.9560477387426184,0.10345736923632,-0.2232959907136913,-1.1363614480232436,-1.1467827538076134
2.39636529740695,-0.6842118789758874,1.3703264052134763,1.5192735349502697,0.0450244843169792
-3.651975546936982,0.8763135681637622,-0.9584556458984383,0.9774115535835219,-1.9389767553636525
0.23260931852287337,-1.3115806502296041,0.1821626959026297,0.3180363950182638,1.5038555630009445
-1.1241659462211584,-0.159357116876003,0.5874460344481892,-0.43737284987596586,-1.0109472751310866
-0.8318295975312126,0.27439820508082335,0.9323689165751405,1.082619896866994,0.5310853835076789
0.5013729778408554,0.6840853985659826,-0.6140647593799151,-0.8039904400889294,-2.4940979319493235
0.8199390344963967,-0.2630966161782833,-0.5246759211096597,-2.286108910707989,0.47418369879867983
0.9112698591119398,-1.7420312080060454,-0.9829570469539886,0.18282343307400659,-0.4796878021379676
0.5582649645896917,1.115125925810999,2.6178388450090195,0.22975247521681155,0.10960645772782299
-2.5066501715940106,-1.2781890885510458,-0.2832211375426185,0.15870895150266653,-1.4199567893125564
0.13262708466545522,1.3640323390465237,0.2534653108551023,-0.8727640762747216,-0.5306829863130021
-0.9029395851754298,0.913701283989484,2.025526948739767,0.3160623230196895,0.3238567202901868
-1.2284368495258007,0.7939310320629657,-1.0127123036955181,0.4989648286541017,-1.3411103552132178
-0.5557286422163494,-0.6033132833286595,0.11076464727761405,-0.5742832499202121,0.5043412190000798
-1.1692069070788065,-0.9519518829067547,-0.46335703648201365,0.271050961110467,0.43518902054023406
-0.5219951916247451,1.6974997259675446,3.983871396619375,-1.1708123809772182,-1.230131697013532
-0.3199937169979098,0.31783265993243576,1.9711038971055537,-0.34893154541689686,1.7078100400633838
0.2832878991445852,0.21473861771035932,1.3630994560452243,0.33772395353159745,-0.26474980776647516
0.8117718938134587,-0.9622473748221835,0.7417107733960872,1.373251105219018,0.44101802375211213
1.613435732045099,-0.2644448853257472,-0.7368486551359376,-1.0511541382046514,-0.9434176983403907
1.9597381360558073,-0.10149503780425845,2.478445239306074,1.3435785947321075,0.9015964856773112
-0.6372145772405431,-2.007410477369739,-0.8913535241255571,-1.2786418043341936,2.3412630129016194
-1.1869959494638231,-1.0866691173610865,0.3559073744931866,-1.0849544456612528,1.8278470963594229
0.4305638338672796,-0.8257816341967801,0.38123537998566864,3.297238430978802,0.6773553486210658
-1.2304035997976006,0.738426936035521,1.1166926182459307,-0.7169280924706448,0.8614468120101312
0.14420742594488567,-1.2025849244157398,-1.7580901748282172,-0.8384375831388241,-1.1296616037092964
-0.2235738448552829,-1.1960177659859,0.8101974300437157,0.5777736388896823,0.47759075446960064
-0.6507945414527204,-2.8916652623127295,-2.7760264628912803,0.4291519771570323,1.078044348164427
-0.40865060198576086,-0.2567584787990875,1.1085603021438626,-0.2770257492771168,0.27096772887964354
-0.8920584385384007,1.4414484337194153,0.31198281143237067,-1.5927148534970474,-0.9023207475553546
-0.5362347013167871,-1.1965823161157627,1.1351294711068332,0.4168798348764191,0.1429201955087327
0.1900443392565614,-1.3310814699291778,-3.074122591966474,1.287451035015367,1.0183379527267045
1.353445620228515,-0.08156331298938739,0.0005677430652547518,-0.008435201427336822,-0.7807940151699773
0.019810439659311285,1.154337405377115,0.768301945593869,0.5206688667051858,-0.027578696551917307
-1.5493854783051006,-1.7018094270141524,-0.5141469389864302,-2.458405399205449,2.4582628755113896
1.8192725334520987,0.9369514590589517,0.6351446459891851,-1.915196881486908,-0.9155880867477699
1.1964816102873332,-0.8706971340298971,-0.5684233415730267,1.2597795948071864,0.16815362246042015
-0.8151814026236303,-1.0643695570014993,-0.25878788173942113,0.784073658837455,0.7938087692492662
0.42409865048055106,-0.37740973445306775,-0.35202332485722837,0.674324850810991,-0.10672439791904015
1.920648722245711,-0.16146910818310142,0.20313782920824708,-0.08905987301222223,1.276799048039442
-0.38935915057151455,-0.7832334957936892,2.9648236443199885,-0.09811585667929831,-0.2535093990805142
-1.3817419422701593,-0.8975437368624307,-1.4836846368284027,-2.2116131785532165,1.309763300350919
-0.30903326028819217,1.2852973431318795,2.0001035140282313,-0.0031669310127040926,-0.268212326486617
0.9805542901781601,0.5080502622646536,-0.04236333658598026,-0.24927153234842384,-0.8095633012053542
-0.9672138419596219,-1.9801600359128577,1.3548273841537808,0.10371568255279369,0.4459509957410205
1.5948253461756203,-2.2292037362558474,1.834961238282503,-0.054795052908623305,-1.3167320065449217
-0.10454439268530999,-1.1028768814030268,-2.33296225277685,-0.4325679572307863,-0.5910957704762257
2.3273346697604183,-2.1448131052999955,1.9514442028020358,-0.6581617149981647,-0.5681641843078223
2.0738874719165166,-0.5123541914993301,-1.8542515263340542,1.2614987049457882,-0.8336178266992461
-0.5073778943130339,-0.16161898801708877,-1.5037883956376124,-0.47485592627300643,-2.3813266968697424
0.30725077337210127,0.8280807481107931,-0.7672049941303799,1.229254092689948,-0.36602513274355164
0.9953752392439065,0.38057067791168125,-0.22794962240625422,-0.9268556195396346,0.19418133960049308
0.5479190327925546,-0.1699817362764907,0.6860372375343967,0.2637164891498294,0.1297089028932449
0.5090577739139565,-0.31824317083240256,-0.2555069313465692,-1.1046347887883614,-0.8085566813104743
0.17881615816902457,2.3958061469389933,2.4623206764207817,1.1014690652889678,1.518395950576984
-0.3951535360324479,0.3610720500678878,-1.0778928678350899,0.041253515779756986,1.732212133394534
2.0716965309136155,2.8990536169643635,-1.2001091847234693,0.48792432056424323,-0.36696563777783825
-0.7903928584822619,1.1460457346697082,0.4268198734514379,0.23933078252403378,-0.20259061982433682
-0.28005780557188414,-0.9330030554436413,1.2667002478317413,-1.8006517134282034,-0.5608694051148067
2.09575260468337,0.32232386176101724,-2.3087836938800654,-0.7972980063294823,-0.15029720005857805
0.32949702089530536,-4.330589397310398,2.2382310648632373,0.6362435645777361,0.11718575076128568
1.4537484419733815,-1.7213071878466586,0.0909705256119683,-1.3104019235647073,-0.5796755539631612
-0.9776262540273978,1.239281688827677,0.5978937608354125,-0.047121875539726306,0.13121354812671485
0.6788322002060915,-0.5040349704081304,-0.30762881092261457,-0.3803115272104853,-0.38584522780379177
0.7417180271564524,-0.5785397590204965,1.7408234390736985,2.3065593031715546,-2.832056986187934
2.183537087743788,0.05157512113033512,0.47774069654185103,-0.9476679071526569,0.11874006437062064
-2.326983067213549,-3.198458436180917,-1.3054905073181593,-1.2639443561076995,0.6379870913988573
0.9922618890725071,-0.18816089063271374,0.5514099092991404,-0.5707765450280307,-1.3072124196793793
-1.6158649713800803,-0.2396114690611061,0.532434574628586,1.1381500719147075,-1.5171138792102992
-1.5320557298147248,-1.0499751433259488,-0.7807110900479098,-1.9735561721664063,-2.068555152440907
-0.021510780432009272,-1.054188852187107,1.7314449652422839,-0.002705921494782626,-1.3961009598481635
0.07158888888638978,-0.017066760015998453,-1.2189546872402846,0.10024419488925677,3.008285499279425
0.7676965189341673,1.6996347188024974,0.9386339373758948,-0.4301967855634077,-0.3103822830286922
0.6772161139060511,0.715224462968277,-0.7042710631096099,-0.5983476564463315,0.07963550122656739
0.3156400871445129,3.113455790774165,2.7445848690484898,-0.31364713470991035,-0.8967791577659935
0.15833596397459648,0.6587365838686173,0.5631323092869152,-0.35690049293944787,2.251869492363373
0.20963249973180956,-2.304415835748176,-0.44573610230476973,-0.23071963294670866,2.360459014975664
1.038605333037316,-1.328910304591319,0.5094239941467862,-1.9573067495556886,-1.48581565339476
2.2182023385187195,-0.7274128255621913,-0.38070135351398476,-0.43042289088066954,-0.6420623628213412
0.15989134920304734,-1.2490630406308099,-0.02377306687016297,-0.40996082560057096,1.1923450382752694
-1.1648693989901182,-0.12131300968232311,-0.500101509680968,-0.8722540762122953,-1.3429523033765238
1.599400250687003,1.019988770637624,2.0755196554479167,-1.3877112689886832,2.570018719026808
0.18326773543248298,-1.1463124563250173,-1.7035780926393833,-1.8277006659429897,-1.1817668056617834
0.2875762752885738,0.8338505373136893,-0.7166320775587135,2.1293679300561212,-1.2718824462684672
2.7813278174478846,-1.0376394750811637,0.4768132798272334,0.6391242352892545,0.8612566464417499
-0.34773154957169444,1.126213567248083,0.8432669514061055,1.589329288482167,-0.15111640267625448
0.9167124037919703,-0.40468825758798227,-1.729799665747738,0.6346545870949202,1.8292614527126094
0.4664991400395136,0.234622844915723,-0.8764911826790759,1.4052977848809602,-0.44192879796515033
-0.5520730934194934,-0.2930472809126137,-0.3482259205953417,3.6287056089091916,1.1995567986679814
0.9297906654983259,-1.140575369214175,1.4503524307291793,-0.8089202600777097,1.7717751016218681
-1.8297565878950917,0.058123493111448245,-0.3540720150353903,-0.8001154688880132,-0.346037610272354
-0.47501513312582594,1.9787368788974211,1.3502730323525505,1.8367762608607991,0.7488439380959919
0.11830637949630843,-1.301745599376246,-2.132102888949329,1.3174698492304664,-0.532236907383964
-0.7666426142301754,-0.9781372601000012,-1.4368806016137294,-1.3704668588067774,1.3703250941758547
-0.44712776393854536,-0.18825157083718738,1.86093033964152,2.1244027295844803,-0.8877453525828847
0.6890076352786988,0.02835325136025458,-2.539092023256897,1.7717467255022425,-0.7842667580890683
1.0360307976438705,-0.39961744744779826,-0.1553623743083206,0.6532265275784065,-1.3317430565845487
1.8019232047257676,2.366245287195351,0.7599452348142687,2.2542822116382495,-1.5235603352751996
0.5441562972357988,-1.0307479448077856,-1.759716394123074,-1.074388627084209,-0.5717635046071627
-0.5542995056121911,0.6613562384046116,1.9946036417464468,-2.5634749936014853,-0.5991705499497182
-1.7016515239157608,-3.12354596770706,0.22069262918527213,-1.167560342927921,-1.892743845056648
-0.7852515634728163,-0.9569361076055664,-0.878450565434367,-1.353627653550735,0.15216065717612764
-1.0794750143995058,0.36153322673285554,-0.5933282164465082,0.0763170916047408,-0.20835309824253742
1.2630586658026581,-0.07416471769483213,0.932380932737081,0.8752265953137941,0.9525806031105534
2.1966663141439646,-1.4312732656558362,0.05429340186027919,0.39082076304219765,-0.18574216546527056
0.014335076023185457,1.196227694436817,1.0962018188984672,0.3640047753278181,-1.1156668765584998
1.265116572417921,-0.73582587791406,-0.12351658652901641,-1.9141152735586053,0.7752762188893334
0.5565800402169103,-2.102964313794315,-0.40593601413050706,-0.10719889309784049,-0.21338446062263836
1.4798641327291848,-1.5652756669359191,0.17111368581252853,-2.0864248177537403,-1.4365293403034711
-1.634020116760994,1.3235902626722873,3.312355855923692,-1.1388350909701115,1.7271840607989668
-0.4033909012066343,-0.8627388135548505,1.2533456267255925,-1.0863257157617658,1.400388304568568
-0.9041559292382818,-0.7298207757149838,-0.5025502040225094,-0.798500233090345,-1.6226597647030474
2.7086538091397028,-1.6758581049951684,0.12373892360537041,-0.8556504838079063,1.365814367121594
1.0494735099204946,-1.8570495983632538,-0.6078251533129807,0.43535225021553425,0.68474987536998
0.46071761503475017,1.0104365222566678,-0.8578739916096376,-0.11264165039832587,-1.1748976842519123
-1.8466758589472756,0.4102373163061254,-1.0157340737198304,0.31631521287053527,0.9949208381071016
0.4455727346472193,0.3421175519696973,0.43745283539069474,-0.05020811949499949,-1.40222958398671
1.2380663417507785,0.21602669413253414,1.1169172140425867,2.245544916935149,-0.03626675806543921
0.9901169595321991,0.9689676133056366,-0.6637934188833918,-0.7633396330688723,-1.312566611691063
-0.606756316071687,-0.36045222365695495,-1.3919979340865676,0.27247538552144834,-1.0052306047455708
0.790475999603921,-1.1141734800857646,0.7395656306592683,0.3073913446632536,-0.1431902562069116
-1.5897781778785727,-1.1394263168674774,-0.7218037535501698,0.7485642811731291,-0.7676615044578653
-1.1632817289033606,-1.8828399989985,-1.3023686247306525,-2.4579882152278363,-0.7881905290711694
0.1604011502988377,0.5572401220141296,1.6480184032442406,0.9843730620966811,0.052493493979245714
-3.2716773645265578,-1.1435340378988392,-1.6568610794241236,-0.40735466787940794,-0.1650748412815934
-0.06745114825502611,2.4298326714054537,-1.9307696101696539,-0.35751910869189013,-0.8011821441896204
1.2502141014439345,2.110338400533972,0.4536118471084704,1.052823869985775,-2.223673998172384
2.2399632437249477,0.5029729508452928,-0.7404489310262627,-1.0877660422060236,-0.6968356297012586
-1.8981179465720865,-0.14753643687466722,0.3630379771613498,-1.161000587473354,2.7727891846355566
-0.4004553893308779,0.7332507003540009,-1.1211014894846134,1.2547370920084064,-0.30619428458163206
-0.3106099072159574,-1.1386135819717604,-0.2945087762974351,-0.7498426601344332,-0.01788184955062513
-0.4673645403106668,-0.29153424211640167,-0.564174370839215,0.0714228358208123,0.8775646668375027
1.5272784159408024,0.10365896383073366,-0.2954588972367322,-0.46470952785131947,-1.4602116522814963
-1.7142174374735701,-0.8498676364012241,0.28601093297607777,-1.2258705974518895,0.1193113416177989
3.385389102190741,-1.2525959194699758,-0.32194717106825205,-0.16212962705965764,-1.7912277870284918
1.1886556512174773,0.2215932042029888,0.5502480036657931,-0.8271132460664917,1.7719710963024904
-2.0562711967645972,0.3569204435320532,1.4076380429235125,-0.41495100099834664,-1.1864101774613172
0.44576239554861635,0.5361456477088657,-0.05761126342712068,-2.1500746440675944,-1.750473792167862
0.8030195718094061,0.3102558657837276,0.1958800013476801,-0.8055810957634397,1.397445062049368
-3.1097056499261524,-2.646527530808095,1.5972183618732567,-0.5271133618687026,-0.14588413297139563
-0.48028882241451193,-0.010412826010875125,2.555360660183082,0.036559414575939364,-2.3631230500727582
-2.3339688468408633,0.2995905509026582,0.7074515727946217,-1.5148777743493496,0.9100401584207787
-0.700087870215078,0.7157458612112074,-0.30408646120972144,-1.3901983868046595,1.2319932494526593
2.1071627046406327,-0.19683368352255215,-1.4299524645086101,0.2599147666340654,-0.38533659461256287
-1.2780691003696278,0.3346919531583716,-1.1511196337863139,-0.3979606095136297,3.7098684069616628
0.7436442697641551,-1.370678318785674,-0.6582142458633131,0.24289638547112985,-2.9359648019430087
-0.6401027350820692,-0.10490288813500176,0.15687733028428363,-1.323689251644876,-0.6904633453868261
-1.4806727827655823,-0.23731569287980248,1.1648873164973783,-0.4328043664002111,-0.5932450118970605
-1.4552015496223423,-0.6203605974972983,0.9562697684653341,-0.06849216064764935,1.492188540695287
-0.2729510161010065,-1.0669993881944952,-0.26027821747181756,2.231953239894821,-2.9200126756567597
-0.4201995445252824,0.33224400118048836,0.10276108370489168,-0.40418691307931826,0.7567155773305356
-0.5178492444071143,-0.5124322593858174,-0.3378826763465355,-0.3667776552447642,1.013552375662314
1.1180340749189224,1.0706421093722494,-0.35452046644428836,-0.9687503311537483,-1.1624136530458877
-0.0768166593828518,1.5316853169611138,-0.6610647673842373,-1.721947104918833,1.323903689221596
-1.3612840915344848,-1.1393806162012505,-0.20715128716086145,-1.0270541481648348,0.15789810129649634
-1.3429593231361083,2.0879549714080707,1.5441732991929569,0.4354507653777009,-0.13855595235367046
-0.0193983473818128,0.7451852597404894,0.09598580376238826,-0.5849625688212972,0.6166814295661569
-0.6487207904322443,1.6699810285407402,0.7639655506062974,-0.6062016700570113,2.502186770815492
0.044115277802384646,1.0690447990341603,1.3656289837918363,-1.1570085299774706,1.3735037316466772
0.8463977878445582,1.9996026929046105,0.16145731919845824,-0.03997159515546773,0.3780416799724991
1.9435837214771516,0.6117895119336753,-0.7687194813932928,-0.29134740782533824,0.4216037693246556
-0.5219258238822864,0.7426787009036968,-2.1671667704187594,0.6089737804815459,-0.04195730092896489
1.0249114336463208,-1.595526963299607,-0.5054633318801877,-1.447726381167975,0.13531674734859309
-0.5162021529556642,0.867461020320878,0.13032703287669334,2.385846621959619,-1.6574398477702623
0.17308643914489016,0.2625116154840583,1.01733794393459,0.03255060845743963,0.8993687470791583
1.031772877196491,-1.4800681836194354,-1.1347027881983043,1.571737019273271,0.676406733504059
2.505001612867014,-0.2973753220175452,1.6451398553359553,-0.8767118703017164,-0.11358316420862155
0.10272415104142982,0.7107414501093009,-0.04305458369308066,-0.03434118570692922,-1.9455294333411612
-2.488660828475927,1.5217714898846224,0.5722052787994675,3.707029220620628,-0.5879390262212119
1.87768937209451,-0.6480376601935136,-1.1606187235008296,0.7973219524633414,0.8435924516502485
1.7681831928422516,-3.390877335477275,0.6120026129800258,-1.069156485590101,-1.8261912501921784
1.0730601964620405,0.14446286574908423,-1.5326446772341247,-0.6679289291296094,1.2307424381530159
-1.5176465882671921,1.9422352580427313,-1.51150315235173,-1.317929743903018,1.426939334457196
-1.8561069252185391,-0.4289380939660163,0.8953538757195266,2.309088604046734,0.0010363003050982665
1.38923456012152,-2.1109793077448553,-1.2347537386343526,0.004357334583360706,2.268275017358821
-1.2665042991321174,0.9444169581059882,0.22799445720794387,-1.9199993634358472,0.26451939093083765
-1.6954235148257262,-0.6536425933962999,-1.482217632939696,1.0386057446235206,0.11742858573846637
1.2832898497774623,0.12254356940786612,-1.0784253922547853,0.4117218926800945,0.8401487900836463
-1.054805804350275,1.7167358460269786,-0.321070933838497,0.15343451311341266,-0.16705658905309978
0.5716845712410464,0.6126607665671235,-2.100500622177706,0.7972175717305369,-0.9480490684240295
-0.4467482818182219,-0.5613772219371238,0.6492617478319349,-0.46333671226053236,-0.7950298525894235
-1.3981088390008296,-0.6994074766037983,-1.0767359272780335,-0.07844865210470327,1.6895941917419557
-1.596678532278788,-0.6685255433624976,0.029504031025481256,1.4883577496306641,-0.1444102499275354
0.922856616254326,1.7733961466182142,-0.32485171044114897,0.7999147789398907,1.9435597168522718
-0.5829733766270165,0.3525622532849072,-0.29145119011745796,0.80057325838798,-0.523229929256717
-0.15459361060720447,0.6021772266350728,2.3008918310709006,0.5358947608077892,-0.22456037187314085
0.2031674925035183,-2.399136580940277,-0.43077592530571657,0.5298611234357379,0.5041420157199882
-0.34032220541374075,-1.7340224967898656,0.14970785219451224,-0.5018967688349724,1.328279015435675
-0.5907230127434403,-1.2137768783683036,-0.0681152535851167,0.6396794770160249,0.6324336778863092
-0.7790571110314415,0.6447726858393935,-0.024555091090468575,0.779232012107764,0.914585149959877
-0.42917546280508373,-1.6539133031318123,-0.07684171058922966,-1.110811572037372,-2.075221425759879
1.4049333745681254,1.5309748064204116,-0.3269769465364422,1.8525256500429386,2.4323637933190874
-1.7030526695706891,0.5557743535750698,1.2703470223270812,0.9178125429484123,2.3288308598133156
-2.139495589855808,-0.1819489697911131,-0.12266632839430681,0.35522687522599716,0.37889043801189465
-1.2475571788229982,2.499592857299558,1.5701571561022054,0.526004516352529,0.333747914367359
0.3941751255913635,-2.035046961601075,1.058581409771737,-0.24744899709813692,-2.0644707046331514
1.6764095051046481,0.694045578242516,-0.7547800319682823,-0.028177225798663053,-0.09942772264705535
2.186256736218289,1.2711566049229135,-0.2660393555634628,-0.6537832536674911,-1.526856185876397
-1.039077302758357,1.0755286599178018,0.2637297466967018,-0.9856069727915548,0.7703489177169903
-0.6202068750850322,-0.9414606977425798,-0.8656218460074204,-0.3617439388310119,0.8568201416062697
2.014937745522555,-0.46330417380447264,-1.3426860986609281,0.6266859388727409,1.066213637023119
-1.287286078055281,0.4329549415817252,1.7202341999897253,-0.22839164137206044,0.1343152759662162
1.241716778750756,1.4070827747266632,0.7680417420339481,-0.171365992817075,0.3731983342468802
-0.8242440712515273,1.2175082105701587,-0.5988550933801428,0.27448053639041836,-0.8061919267489942
-1.4603377842939456,-0.27222250933601305,0.6218078437999349,-0.6740308644629361,0.012987373122303717
-1.7855758402102722,1.3818534737147148,-2.820132656624236,0.6133085654259004,0.09929090176087539
-0.3667393201766444,0.8624224928213224,1.6569580792681402,-0.14702745456942348,0.8123867584420735
0.7279799439533107,-1.581124692859845,-2.2279432268362065,-1.0442224077078297,-0.863799000141215
0.8779792059195287,-0.8430865531157091,-0.23669661967934275,-0.5375388460676874,0.976175871743689
0.4319262985059328,2.735648759576669,0.7492962517177767,0.3834162045542934,0.34736917234000564
-0.960678177723981,-1.2743443472519533,0.8857764864774182,-1.4530498440648258,0.4063447347253357
1.9845105928402902,0.9355410600818991,-0.12057582882525514,-0.7911118678311712,-1.8493355465989185
-0.8196524498079051,0.21028430382938923,1.2784309138520131,-0.9990274835201414,-2.4628492476379678
2.4440390818760207,-1.377845862020408,0.6083863965247813,-0.33355455869001077,0.32458702915273197
0.3256986032714716,-1.0843511281670948,-2.069892405259259,0.24819850613127825,-0.27311890279150647
0.5224371185808188,-0.01162866010374339,-2.1778867886690993,0.7199702673972433,-0.6440497641963794
-1.3358381656233094,2.235338721596043,-0.598923468593023,0.9946684342224812,0.034302761513118264
-0.8717621938942475,0.7425816297261664,-0.24432722033654095,-0.6868038785319134,0.0074957803665395804
2.876939020680797,1.127413103662569,-0.9622967334582773,0.30906335896522,-0.8072504176238456
-0.31913964010578966,2.76348843707252,-1.548536336012405,0.02340077347192149,-0.27266539310544174
1.1605829470975972,-0.7001800127736869,0.21011782621448213,-0.5336150694204593,-0.9332417630574172
0.6903223519157039,0.24340117882581874,1.9925684468400278,0.9660541463516855,1.0072333004287595
-0.8714904722500396,-0.4217252722840032,-1.206337483305376,1.059182604816543,2.053902527118471
-0.511464563823319,1.4410263151973284,-0.2993551841535336,-0.43199804126617963,-1.5838067479201658
2.157461824622037,-1.0176755823713215,0.34819523518519296,-2.4196284648689246,0.6144532777457944
0.3261549975703493,-1.9085171262753904,-0.9989005915117724,-2.968769188731112,-0.11455971046373681
-0.22362155899826722,0.5564763440658556,2.2921578284506343,1.5199051447056986,0.1159920559428941
-0.03915116537007798,-0.7853630729296036,-0.0898853345468002,-2.872136005396276,1.788326394181002
0.1538713256043853,0.5536560204807969,1.0942258412809003,-0.02787472361729414,-1.0629405424574212
1.5877333722505262,-0.5566406011207,-0.7883075314946819,0.20490499334148146,-4.1735392714582735
0.9480438359737938,0.41603423472570417,-0.5170446827766577,-2.0637583650739026,-0.04262835332270134
0.7305935660929185,-0.8181579483582273,0.5210585775070459,-0.62562577509714,0.6986830943986531
0.44246959831259075,-0.3295640618945075,-0.16203827121251438,-0.8654188688713375,-0.34161580427532545
2.322710232683856,-0.6441860350801519,-1.7940996415710257,-0.40846884368837527,-0.021363297229036474
0.9265790671088465,0.7026977903481987,1.2267160717801755,0.8845082413281393,0.20736781954209754
1.4066770022569386,-0.169890282529741,-2.5907871630719352,1.2097015741266057,-0.3295822613598219
1.2803391100844619,0.8534538635300657,1.6314363881199279,-0.15258276584636615,0.4783579376970481
1.1934905164118628,1.449928045888332,-0.15672890177696763,-0.8608760340908888,-0.30900259107869926
1.431251120307983,0.35657186111932687,0.608255847507521,-1.9739692923112497,-1.6748465088388
1.2863317497666877,-1.377857260560862,0.3690243363981488,0.08949658083098766,-1.0041108090121174
1.7109659824352386,-0.40745962163429233,2.288257530315079,0.43047074137184427,-1.3596395360991265
1.187821057091339,1.8301034276846924,0.12487609992235373,-1.598461860862704,-0.09671437291348427
0.49565352971723003,-0.5191936132078951,-1.2147152778738477,0.5097502676494016,-0.3092355315802949
0.43510737338165106,3.4750250492937362,-2.2205249126328845,-1.7257718701076121,-0.10185322435566826
1.2182848222888278,-2.2209334312981466,1.1392479509600382,0.594510583407725,0.8486849756334801
-0.49058306380519057,-0.8609990091602316,2.4538447421574494,-0.34072306336229413,1.6374374595561514
-0.550944425238511,1.9849686491272398,2.0636903559933093,1.0425452253318084,-0.6670404539860185
-0.3795312776729661,0.957644493934382,1.546074199055355,1.3711393431442256,-1.0962230874076604
-0.46399484326970625,0.59496451107744,-1.7002287682406239,0.6009802662293502,1.7822753650508465
-2.0908855343753974,0.7468998296168454,0.5161882108433885,0.7993219041091078,-4.0110492926501795
-1.7762406871988021,-2.652796272666293,-0.8019767794294143,-0.7456091359293072,0.5552908004758489
-0.4633831575456835,2.328625519371139,-0.21621125918368136,-0.11409691216434763,1.757462801849312
-0.5080172524842766,0.16215185627982498,-0.4947953016561143,-0.8007561224992773,0.332786979787192
2.1375206046456254,-0.1257775049445343,-2.573230151207149,1.3112249792333193,-0.1478747979210066
-1.1365922205913859,-0.7323801735834753,0.7497205296838811,1.1171598359398576,2.974901123625561
-1.718049723585682,-1.4408333232961537,-0.8698726015321186,-0.7454014097667115,-0.6839823770564898
0.1113508512450563,-1.2820505113879501,0.8233139933711656,-0.510665422259769,-0.5893690172166358
-1.1339171265045636,0.5933256401244795,-0.8294354908847076,-0.06356208061629127,-0.11313486732235706
1.2342148897065688,1.081916791404938,-1.538274562672334,-0.3248814014578405,-2.339627369794048
1.8277850645954181,-1.4032869367236391,-1.6547633772557608,0.35874759344320073,1.7541965052503692
0.8509209904351075,2.0252371966056053,-1.7538398119090528,-0.13018633733690443,1.0514050025236685
-0.3104960951150425,0.5542835431123583,-0.013774996761105229,-2.476460349017105,0.2147926901456367
1.464081816234956,0.4908949762065321,0.047852693592495894,1.614417839763446,1.5107241596095886
-0.7644743785163353,-0.31393979130884636,-1.4540608764898406,-0.9866216306418265,-0.556258662864091
-0.302019362520865,-1.3254319552138234,1.8041768830254172,1.3857996586470185,0.6712957837254941
-0.34662089831610576,-0.328012774536606,0.37676472636120195,2.250661544964387,1.0871368081012458
-0.04761730187851509,0.6522770546441387,0.5069857181472457,-1.6249476364209978,0.7612659273360731
-0.04994511636598743,-2.3159986484309627,-1.1554892930906941,0.21938470248382333,3.087957491280174
-0.3724161618480751,2.0621674201376714,0.9444972736999345,1.5083083805797726,-0.5318586457930468
-1.6382265993902314,1.6384803782600978,0.946390878661602,-1.0385491912960532,0.10629170146801438
-0.7265140887516188,1.1746883177841274,-1.2409390262250466,0.3992876420013252,1.1954769467899757
0.8485595487878012,0.5623222693901644,1.4236151390758844,0.2865650602910772,2.9364438468452456
0.9951620146619609,1.1179915031227257,1.2890618943995102,-0.7251644504192682,0.2054519074575176
1.7863535975369216,3.621646900699689,0.5629550318001091,-1.9544599736262231,0.1974519945408667
-2.3079118590151935,0.3582045464894857,0.2647358128369218,0.38889789757159804,-0.5639180490911713
-0.23099029109003144,0.9341287415706132,-1.1942255216744875,0.3517676017197114,0.47850908784161406
0.743797652951495,-1.5154470879895532,0.1512063172339202,-0.5401912723230798,0.6256698081027616
0.029686373061498635,-1.3999798637553391,-1.510120228158814,-0.035359847033430626,1.2560651187764444
-0.5254725664922383,2.510095012075105,1.321591178887141,-0.3551974024348687,-0.43926231442671754
-1.7812686061918657,-1.2764320896854675,1.9913203956276848,-0.5374826212278728,-1.4124807263538182
0.7607246490462861,0.7258570920257943,0.2719817396965258,0.04154952196795164,0.015109211286006851
1.757449331121737,-1.0164738311878987,1.6359582931238987,-0.05052014085441687,-2.292113451422108
0.2513466784166308,0.9237426629466406,0.03815187273311543,0.6793454599249785,0.9122217418410917
-0.17588594607249086,-1.9590185868273866,0.5882757349343816,0.19383750121273344,1.5591170977661573
0.2166592687760058,0.5650337901320938,0.2028300939287144,-1.0229765666953319,-0.6828327168101688
0.9636433380894944,1.1611569132932005,-0.24414231367619527,1.7375037863718596,0.0033851587971254946
-0.06055850571921931,-1.9020644626583163,2.0893592308470152,1.773951581390662,-0.5640241326980729
0.07945066239233077,-0.1467082767584327,-1.1979841561065154,-3.1178061130392027,-1.0415172393917425
-0.31824985491991814,-3.1786833725641253,-0.7380118612873399,1.147136871523279,-1.4623824808231387
-0.0746380290307917,-0.27020748381045817,1.0050099255138272,1.5843988502458854,-1.1922997544233374
-0.6998308903830344,-0.3289034099796277,-0.4421423545670275,0.3003770301333506,-1.3894221482589206
0.5235730317105591,1.5539015981369881,-0.025243453007502185,0.2842518921540886,1.7662812251943667
-0.04124512610058751,1.0257814221429993,1.7987689202578865,0.29580061304116356,1.1181252899338523
1.2665507308244235,-1.0173085871311407,0.3936355321841077,-0.30642102388548054,-1.224715212309284
0.49700448763573774,-0.8388864039083759,1.812399569823992,-1.0658887289770385,-1.5061192470153808
0.7905115681751909,-0.8125043027348567,-0.06502652683403232,1.1011665190746076,0.45717155859088027
-2.0719137859370047,-1.0235355762213054,-0.3153688525521483,-0.5666712380578032,-1.0402882293795206
-1.20021261532234,-0.16138474424650057,-1.5240374405459076,-0.950940103202612,0.14225717942683058
-0.4041905574373929,-0.06407665241344326,0.009123895020242018,-0.03848412895420605,-0.5790654954500103
-0.11646731217587433,-0.5046336905023369,0.9210262010072252,-0.3132927030181704,-0.16721231214994337
-0.18136051114963067,-0.14408114274201334,-1.500982558631706,1.1715622750153234,-1.0998689337198702
1.7019926173837832,5.124278680925583,5.131313259160132,5.061673950180681,-1.2150850452506683
-2.435442055187489,5.2386330290746566,5.129972801689715,4.908975729309935,0.40100453613100645
-0.6627289638579676,5.183223591537599,5.237887123578111,5.123855588623664,0.9918686902934768
0.8733629601610203,4.776794209566489,5.18001452936548,5.436379633192247,-0.30058849805460824
1.8821691714709385,5.05522599494911,5.189445129575045,4.804364867510178,0.288396777069149
-0.42957952528328924,4.945185902173119,5.299730889437862,5.1436085988697435,0.6425422250891166
-1.1233637139501946,4.973772435451518,4.9730269482187905,4.868571263589933,1.060004500363
0.8340148635824045,4.8973038476613056,5.586990870132649,4.915906294226295,1.2988454808766843
1.6031180232372215,5.056178664900635,5.174343095123431,5.403487614765804,-0.31839115572788096
-0.28107176827003316,5.258781996040845,5.187492779373207,4.914533543630124,-1.1351105225755367
-0.2655704230835877,5.0073039950892655,5.241145609458651,4.896472421665338,1.0746622434979702
-0.7471960208938644,5.331337746066343,5.271751651812354,5.4578133236065005,-1.100904758892614
-0.8539693459239325,5.097457574475306,5.086575429027597,5.149466694467578,-0.6926466888659583
0.2223909057207342,5.106628613882876,5.241532092383455,5.305234550416558,-1.472142715111044
2.178506341456449,5.2854624128772585,5.413911916469297,5.320098053810534,-0.3985463991984806
0.9381855308120821,5.142676496827462,4.957431210225729,5.298863107051194,0.3420635251901965
1.4973705888697002,4.968922939393082,5.183250822971809,5.090578415696814,0.4091527581640081
0.29301944567035776,5.189884234957419,4.859770208814252,4.928598142383177,0.1282226345607722
-1.292567753970923,4.928089496171793,4.932950780339363,4.825383727996885,-1.1433676316963028
-0.8724967715497683,5.052070377418712,5.35503888757147,5.139886673777199,-0.8801803737509605
-0.8672242536385719,4.69872535324987,5.402074300669028,5.286791963509374,0.8063447281182797
0.8406791200648617,5.257051561439981,5.053728365654966,4.933965474304606,1.2090134653412314
-0.6473821673633942,4.912236061545647,5.426233341444209,5.441260405915056,0.2338426221879492
1.4924407128297073,5.357873338546198,5.422794464586633,5.060997848781982,-0.4586851724767165
-0.37963315421152727,5.185320519669556,4.944387345987025,4.894333401637954,2.4828115320531188
1.760247502031221,4.576045214534633,5.340207997756171,5.372326388776604,-1.9929604322517092
-1.1203386558730517,5.2338059906629875,5.0989962986357895,5.076411768226391,2.1219403670649997
-0.6086934060628354,4.7174595557264345,5.005947692184032,4.950928514999768,-0.6753808679919145
-0.43918979942899417,5.207415317776561,5.595066070368563,5.016148874702054,-1.212661771300832
-0.40940073879088795,5.056124871109758,5.128704631617782,5.010980387258947,-0.653603279070703
-1.0533115198310918,5.105395982510066,4.680507278914953,5.421470311571798,0.9208543511626427
-2.2432980405169034,4.77062260405533,5.192079943305783,5.032653847783094,-1.0755530809793625
-1.1553484838026433,5.0639541816734726,4.9932916456997996,4.942667273533875,0.8135232581377441
0.06899471250812794,5.20127893078683,5.461860469723144,5.346173686196773,-0.38274386664445237
-0.6653980973562313,4.851745708309262,5.025710853407209,5.153793189825634,-0.5001413604653334
-1.8269568561770417,5.266416392968195,4.765182270585497,5.085046697327561,-0.6511217382713126
0.4740403340028966,5.210997231677709,5.149854669342565,5.185023965508136,-0.20306572953665752
1.78410030055941,5.103985070333419,5.160015985780801,4.90304194099897,-1.0307333266626868
0.34003664943417267,5.039757057862409,4.721741397402922,5.266161174724489,0.3779194577293972
0.34979599003109724,4.696700426728126,5.08500289289278,5.412647410711799,-3.1451540256501738
0.6139923600639473,4.749115982869515,5.425215686418141,5.401114462673601,0.3552149500078286
0.11220347748741251,4.885427717325054,5.146353817385737,5.430106287611865,-0.5944629035111775
-0.8291734512598129,5.318341031432336,5.531819008306111,5.097096537113461,-0.014317364362887858
-1.2711793092098898,5.023454846532686,5.216040747070357,5.480402212700254,-0.4266619474641883
-0.9748400477548569,4.912984676207441,5.210785343502532,5.196802737606776,0.2518392697151259
1.0279088900900124,5.087169286041478,5.031383928085893,5.083507404780575,1.080443563827892
0.2640017616125549,4.715411241231374,5.164640667855302,4.703993556839115,1.311142581500033
1.4840531670873651,4.8311129660165175,4.843652997583757,5.048609767641002,0.17791652762371993
-0.004496874711750574,5.167468002735682,4.909755571940414,4.988635115354416,1.0844045457528182
2.382261761026232,5.049661217218105,5.116166602827188,5.213093811398481,0.9726535613788251
-0.9327072131476105,5.127543063841369,5.2057798545852005,5.294216468822812,-0.3139604297962415
-0.18277582039014523,4.743075316626931,5.1266630146225305,4.864265011656758,1.032176676285361
0.010599123630484023,5.233934557274957,5.230184276867033,5.06105057955214,-2.2971744417803612
0.35470487405216283,5.110104813461683,4.964746980507526,5.223383686615978,-1.1710128959561137
-0.7604011231589474,5.070767387102701,5.027111454012922,5.331921629201846,0.7876252313791298
-0.6630542574644659,4.688799987007468,5.0554440635590945,5.059640659069409,0.6547001584384318
0.04844277449908237,5.06704757479246,5.173273255105077,5.242193314390093,0.44479272549847887
1.335669123697442,5.071936305283183,5.242399852537258,4.847098914190796,0.34650634879541226
0.9938416940715488,4.77192856968654,5.148919401986855,4.9471418936776415,-0.5638848381283377
-0.7546866980595744,5.04306914814968,5.186352390580766,5.095013086662336,-0.18276856575571254
-0.4022794805665085,5.2282167813376255,5.307115328128498,5.481436254181876,1.56375930325958
1.7113386253222467,5.1617171107117485,5.26125719506453,5.299445577811716,0.6880933865381833
1.0471654339943846,5.196481593971158,5.270965980598659,4.99080289556199,-0.18029327995031277
-0.7103521200188712,4.862820113535455,5.353349301255836,5.069510153404855,0.7585287247709629
-1.1604638189964323,5.020952870655231,4.956532062454693,5.282187589090329,1.6172595652777533
-0.4920028937598617,5.035632327479449,5.087392484902855,4.9132270552904505,0.7650337724068775
2.4070599111085227,5.300137908989515,5.1438321844218695,5.631260650698759,1.0421407867575982
-0.5114159387862409,5.163700207326489,5.571656558984455,5.174957612150333,0.009814791624015145
-1.0982729047142337,5.0383773774450145,4.988321630159408,5.147019289418592,-2.7576803189278802
0.8631872752974433,5.127378675101825,5.100523269865453,4.707589665766675,-1.4594499663146556
0.567420937673465,5.146619389492159,5.0435853108205295,5.372432444118653,1.0906314573019857
-0.339512865535543,4.764869007327433,5.171955131209389,5.297436781787563,0.7954325183615054
0.11806646239430511,4.714168607016861,5.606783517560154,5.2661239249432095,1.1470599656053786
-0.3426718454497322,4.693220331397692,5.14838496251561,5.064767304613269,2.2317857684286126
-1.0569239064294316,4.779772334458734,5.144720552958112,5.386952355326209,2.040362932769306
1.1538599054938254,5.005877293476569,5.346700290248125,5.298179877849728,-2.1238589049762275
-1.3586533231704445,4.963687375300624,4.800660009741685,5.209128959044924,1.2930104758960559
0.6261145999755815,5.190117087223864,5.384811922349193,4.789769751192816,1.9200113765679934
-0.26213432533411773,5.203946633763971,5.304659684938436,5.035322638967404,0.49465393450946316
-0.06313573975748059,5.123046958918842,4.778801197064787,5.256064900495685,0.9509208789280044
0.1908614149842832,4.921075159862806,5.126579281967023,4.918103396008097,-0.38690654655793777
0.40555593920379673,4.987555932906078,4.997248511113359,4.902350995665716,-0.7719704830327677
1.9704027215636535,5.307193197252694,4.931907067440445,4.826224047728818,-0.025100518503873317
-0.9698105286843022,4.843909859626517,5.097058435594584,5.192585142955593,2.289968102030175
-0.739751297355927,5.234601755287339,5.122316892734027,5.0005493416394025,0.607110059647263
1.8887143145848864,5.413925127318846,5.1254176064091554,5.460136196076865,0.5578416747590449
-1.190197624705222,4.93112073385653,5.400335445174508,5.444029265779171,-0.6109071184756739
0.33962757394400744,5.009305881006946,4.571380445582286,5.118835566794951,1.4967783001231665
-0.6723025884618656,4.750159952870722,5.0476859871830335,4.837809398636484,-0.5820317032314299
2.1660399915117305,5.009422511040471,4.898371990603526,5.3509240774720555,-1.0284612451895805
0.7358405763284234,5.08210343346024,5.1022195467701765,5.190376914655177,0.7311176377078139
0.5038334972454396,4.996778333619708,5.147075203936627,4.932554196667133,-0.8726008536703854
1.0228204060593569,5.092376660984071,5.00437057449786,5.423337082095708,0.029516085914088372
-0.726698693520786,4.886639894901534,5.394298305068876,5.220097674061899,0.1786316824795847
0.6989409670626685,5.20174624842933,5.128660588877559,5.214336017862271,0.05861761953215856
0.23488865866652042,4.773673619732207,5.211998345513305,5.068841062395196,-1.7350195540445437
-0.047638359922341035,4.920762819630893,5.342949298943127,5.24781572524398,-0.2591880592650269
-0.5688152077096991,4.894506991699734,4.741275822396145,5.04888742983195,-0.6318754430124865
-0.8564285553085935,4.934164886699655,5.360604073138412,5.296846317830762,-0.4477994655122061
-0.6335310305393594,4.928582393384808,4.958586870308781,5.501202319249393,0.8683178762940403
-0.28707067847091733,0.05142270839422466,-0.980945593789189,-1.5036140429525768,-0.9779124583309118
-1.986205577939001,1.6511646499445156,1.8377219933497622,-1.2784724451684193,-0.10578780412300455
-1.9718539319153368,0.24257663425355908,1.4795094802879982,-1.5704148582521456,1.684885953243678
-0.25578115502284693,-2.2125897295917025,-0.7560924665224439,-1.967054934164561,0.5673494925615461
-1.5250602251553853,1.5517499047330319,-0.8834311389756225,-0.009829039768023465,-0.7154985724039065
0.29013476760643475,1.9842216360340967,0.7044415988304926,0.5664126836776889,-2.4378372030751563
-1.6006754569598851,-2.4109672452315354,-0.5333251239636766,0.7961946473366909,0.8612903009568647
-0.754931706055705,0.38359042580611397,-0.12193102296172394,-0.3119478862749439,-0.3903523095840197
1.0523029654916156,-0.6119417908951917,1.4611239010823736,0.07742178310443591,0.927223709524435
0.804726462364069,1.0771756279706284,-1.5936516847657716,-1.1059688209498697,-0.857150724874106
-1.201451139367125,1.0931269074081533,-2.8289028847983757,-0.20287117697027035,-0.3251414686697803
-1.3743216541988184,-2.535686120329174,0.627989910150979,-0.8264176967022231,-0.18908574121541583
0.5143896310002858,0.2080368072379778,1.804048363565451,0.6345654403814255,1.1344577011087025
-2.0064490678944984,-0.6299751589613867,0.5986737656307377,-0.45644084608656166,-0.3606525140536866
-0.2922066454565162,0.184030295092279,-0.23470784856033564,-1.70049482270677,1.0999821735833755
0.7296255868956434,-0.6073920069196344,0.11763699694157126,-0.7909043977995059,-0.38954825595451664
-2.0671520068015656,-1.1634861791937434,0.6269036343880009,0.2079852561992911,-1.086208540077196
-0.4568689610354812,-1.3292834480404043,-0.5965292811921304,1.736311926301982,-1.0837824692237235
0.4379161173335517,-1.3944385469981568,-1.2335126981157687,0.8705608099456172,0.3756989680672823
0.26996638065471806,-0.25125096017463017,-0.5273765322318696,0.07643852831600909,-0.5038326981381985
-1.8396092069467989,-1.0680779579031838,0.4159886036532592,-0.49582833331171283,0.17760991065267787
-0.6547775295676005,0.20667682385613342,2.4144979046342256,1.243020956600617,-0.598276203044371
1.8008053437535976,-0.9675396590912357,1.536261609931411,-1.099627863741652,0.3825603872559742
1.2132944760796798,2.769724759565261,0.0512645678570137,-0.42516317038220025,-1.0602684169133123
-0.07584910411686317,0.0834091185700097,0.09056219677298001,1.658531499538293,-0.8768001003555315
0.8627572510436581,2.0030856070087335,2.395750122701094,0.3037235899487592,-1.7561367538146844
0.04415245070340523,0.7580222496775214,-0.16521315912614568,-0.6260851616974431,1.6967252160663198
-0.15249023743766887,0.39171329263077476,0.7840486560405588,1.5263691631487453,-0.1295418356765525
0.394052021034152,0.9773031831703184,-0.0453930726102191,0.08122375885136883,-2.1870100447617746
-0.412883152421363,0.9451123135776396,1.6674327944394887,2.5711954334298834,0.03389933693086398
0.6253013041762098,-2.3946997001786943,-1.0726148755413263,-0.3271631708475318,0.2598515133657903
0.9907491062306847,-0.6751119265135012,1.4844819713356743,-0.4024229201005198,1.3278907781293479
-0.08557311424030845,-0.06447039199155642,1.846186686374378,0.9113357251290714,1.0378608840493315
-0.7112879949440617,-3.1173693061627885,-0.9788517752331547,1.1777949108131716,2.144258705227413
1.2758548511068282,0.22871312203307234,-0.9798019150027572,1.0819552374901953,2.4930507351424134
-0.5236113485922664,1.2899761815103619,1.3359214875918184,-2.4069108650126103,-1.0682749671414176
1.5240947401710552,0.09803420039054735,0.5027498242582131,-0.19331209034094807,0.5886499789992885
-0.3215048704084132,0.5238219114286468,-1.3751912140465061,0.04052642280812249,0.5032424185282689
0.1418571617577027,1.4054195622877501,-1.8511193620774609,0.38291257918234434,-1.6484281960966405
1.1370915001179331,0.6154005295641564,1.7323407481370816,-0.8297635691975007,-0.6511776484304479
-0.5928565605429972,-2.560960515185933,-0.5586345037968258,-1.3264067850848438,-1.0774871930075065
1.7554438759240623,-0.5216635955352831,0.8361675745882559,1.2108440142211974,-0.7110127915812811
-0.8525685381968583,0.23431701018722703,0.7315382730080678,0.9011337561384003,-1.7461374600222166
-2.841763291259971,-1.3342589945947463,-1.0219841685229807,-1.6592388548141848,0.13007320340321418
-0.2574426311134643,0.11391845333760656,1.0902446699010924,0.7481782077673113,1.7975384059001587
2.026420358747127,-0.6777168844661614,-0.8079406852690786,1.1707989966945127,1.0882200763150458
-1.556851067486078,-2.054406515449771,0.3718803594520873,0.1992836512646671,-0.44140205728629694
1.0456607056917906,0.14374711804601983,-0.4369353611727242,0.9656637277039619,-0.8192432111120999
-0.93478268455728,2.0308882914156503,2.7479220010549246,0.6903172320240044,-0.7793209609556354
-0.8372900174658949,-0.10611880631568567,0.14223600373590078,0.22824557751566,1.909632020094281
0.29572556334513306,-1.2427830734056398,-2.922569036642569,-2.590531556487502,-0.7250388784556988
0.8243609585467125,0.5235025445555044,0.8634562355730907,0.002596516841070304,0.01363787474399759
0.24846062531853924,-3.5586329213655774,-0.10222873058356007,-0.48756616640188244,1.546375449933855
-1.817522359148379,-2.33132169000056,-2.3320242779825993,0.015089062050235295,2.2809130794076378
-0.589135746429361,0.4541622106746958,0.2669265474404669,-3.1468396568334316,-2.170142129057663
-1.333245352380871,0.9354081988911072,-1.1474090140386177,-0.4009352158812301,2.8023040834787065
-0.7043182068900433,0.7374462623366004,-1.0627975213179546,0.10021755448837365,-0.8520330052021939
-0.13886579269113888,1.9775552493453925,0.2826384397804337,1.6027973708338952,1.10432657975323
1.0090957160022522,0.15080418459347653,1.8428274024149183,-1.230114776436545,-2.1139826263743715
-1.152304812647784,0.9013972690268504,-1.9926983015934319,-1.8729254142419194,-0.8958662635909158
0.3655117142809444,1.327905318170383,-1.1913387146287002,0.3289966534394873,0.13264000081205637
2.265567306916353,0.05022910011335117,1.4383283644456843,1.613860792260556,-1.2524342804189283
-1.6649290147438345,0.9847550257169247,0.0035691342569891507,-1.2795118930618123,0.07901485609310284
0.3096203088951433,-0.843299899459954,-0.12668794560061628,0.5708176134058971,0.17624331016317754
-0.39414084218006046,-0.5315649731629832,0.22726694322737462,-0.399823818374848,-0.28072670210013106
-1.3394525782138589,-1.2977669835495267,-0.179156902293545,2.25234196614653,2.2038523929596496
0.16467417630297781,-1.2269321580260013,0.30386567656998514,0.244013810133796,1.477687804195662
0.10157551992485175,0.3125323453990925,1.470028120052998,0.5340778508772778,0.8484936535266543
-0.0800199875061914,2.1197364565797177,-1.2351747328398437,-0.41612695146580053,-0.20684157522238103
0.6634316477571857,2.300430203015536,1.660387631629304,1.6913549116179307,0.1678324456106732
-0.3589829277819345,0.4118172596892815,1.3147499953387511,0.3205269020858616,1.6357794766341571
-2.064347573721195,-1.665689490416107,0.7047801871607401,0.4566812407505919,-1.1725107364068377
-0.3925158861163911,1.4341709182043691,-1.1198025732444996,-0.5736371563006432,0.1441964804635654
-0.6097377389095637,-2.0041681902326216,1.402969890280832,1.9613649840196319,0.847449072571477
-0.7008519837867542,-1.7372207029766777,0.8626595977932477,-0.07665089843278214,1.5923861987381291
-1.7985244723687634,0.5434088448203029,-0.10109477324868531,1.1315813378014004,-0.6064928971577347
0.2828385195631903,-1.3431550775055436,0.33283670461307907,-0.580323104726443,-0.009442668123418076
-0.18706153822065563,1.6288038283932993,0.10038725697518623,-2.634226727239813,-0.7192558206232158
-0.9146195352552353,-0.2899221205592015,-1.1972450162082648,-0.8452390683486785,-0.3627602190009379
0.3300418169131818,0.788500837465587,1.1811868832183414,-0.29715848747160306,1.1107102677051042
-0.44053225010620384,0.9478173475220127,0.39962560303696426,0.8068735331823863,-0.24112967667015628
-0.7766518259248223,-0.08169571784825037,-0.3991498575392422,-0.1927258805400501,-0.23377631674449517
0.7182384415457601,-0.21681868952780628,0.19873386431803802,-0.01766347987783168,-1.2629180147829366
-0.500385897734737,0.2698492862360496,-0.5818946927447859,-0.7054169072428955,2.1355135266444814
-0.7001786133234884,-1.0490832228705786,-1.11450606484394,1.0408233704992722,0.0012370621681079776
2.1982099092094467,0.8893023820008376,1.1219971080727011,-2.670445147166072,1.2939208694542974
-0.38533548017199126,-0.9314113107365762,0.3346361310261761,-0.7950286463460259,-0.3473472172307584
1.2429274955381013,0.729581002724722,0.32544423426967556,0.5450571356264496,-1.4011551000705509
0.9828537192447715,-0.43233188866008915,-1.2303954131369566,-0.8154342430218038,0.046487869318873616
-1.3191549349900018,0.12893874208202,1.3254350305707505,0.30335848390257014,0.11405898487393647
-0.010667893029396833,0.9422343859067809,-1.1700963666422672,-0.8230418641293479,0.5239130608654403
-0.08190161549094332,-1.6146417754383313,0.4447347160818998,0.44856725829319943,0.12210150909097099
-2.9487733714653968,1.7893546020796347,0.011896765763215507,-0.9551561136922786,-0.6566194090592866
-1.7588756677193504,0.008192554762259363,-2.1408794227502033,-0.1821277566971244,0.5142813429228068
-1.432195875089341,0.12364710129858834,0.5009142725919148,-0.10538063552029417,-0.0838651392548075
-0.8214012587536971,-0.45621576138327424,-0.5803985361399059,0.8066908516023137,-1.2547735049248392
-0.545208509574748,0.21512590340155924,0.11710435263936032,-1.2212893659698087,-0.5691858434323316
0.770853293813018,-0.6462736680905844,0.9123769275247714,-0.31445698149319173,1.0277718590792662
1.0376343685300708,0.939416124292045,0.7723862342038589,0.034365405741352106,-1.0597874228205162
0.9066724882974528,0.09455262041537525,1.3365338794183854,-0.5881368672882975,1.7290363857730033
0.9304002685831638,-0.10140074300156746,-1.0927915033533864,0.5609145009887759,-1.397643632216458
-0.8966744483022907,0.3031248739324915,-0.14515243739582,0.028707690486356584,2.0076439299566275
0.20131322599158083,1.2984353130046333,0.7137009421875293,-1.3017883810636235,-0.12199653828294367
1.5549307013536786,0.6159053726761375,0.9900124649281447,0.12501230467516902,-1.4919953531127446
-0.24150545312060964,-0.6344756320667219,1.4867042651621394,-1.0985730526008954,0.5774808584931348
0.642456150787785,-3.0256614108516016,0.29233550202064834,-0.48486544651583435,3.8900594643319213
-0.5783741486990387,-1.0439451473912285,0.3633777446976989,-0.5143148613022737,0.23422435999666524
-1.466704909405349,1.3828477020323595,-2.7281639915044327,0.8135336644770972,-0.41111115079399335
1.7073233153611638,0.3657195293042719,-1.6166234723834514,-2.249321300800146,-1.1594554831800312
-1.6002539879891815,0.6360766576236996,-1.2189801593188863,0.3505250704970658,0.46555533140153216
1.293122281281444,1.2206833428349049,0.29276396639370955,0.5746654053378174,1.0291860925127807
-1.9142717042849535,0.45155404367892976,-0.16726565761730444,-0.11256187184673813,-0.90732082127908
-1.8693967749983342,-1.708738432604228,0.19601981811239744,0.9034307906003812,1.2127291475319566
2.278251629539082,-0.8573041750227633,0.6553314072211861,-1.3061156772760354,-0.5007603201256112
1.371814302040028,2.9185362418044307,1.1257582873946292,1.5931670083587068,-0.3351512205955622
0.0980819097672207,-1.3012053272921844,0.3196171174397572,-1.5795126177061736,0.5258138243227906
-0.970776856602978,2.3228628416482513,0.02737434532504073,0.7898721803413334,-0.5467014406735844
0.3164964127175605,-0.6270252051802016,-0.7810706996356981,0.40340109074649316,1.163477233340681
2.122061863631878,-2.0271958937141448,-0.3487667494902671,-0.34331897383565024,0.610899666193854
1.5311933361702195,-0.04528675406782968,-0.1888531224731104,2.1078746257974235,0.25877869183873586
-0.7429066454417097,-0.3013570983342488,-0.8963220977101606,-1.7364649941010035,0.05883652598351291
1.8907845840272413,0.5727606250146482,0.09505981611617083,-0.9088137479951186,0.7954967202418851
0.663842480135795,0.037352124838069836,-1.882749625956419,1.6745861593910638,-1.1631543601061902
-0.5780090843498522,-0.3108772858484088,-0.8334226098703034,1.2103673022401433,1.4520892871263549
0.543264630238059,-1.749223304074189,0.511703239803792,0.9401526193454866,0.5643185774431505
-2.1771561614680843,-0.4147194402777899,0.7365907173700195,-0.5024237253049441,0.4904558181824133
2.44677753227084,-1.09561002391664,0.08273364787334177,-1.3616208721357017,1.6364670141898319
0.23237627872084504,-0.8247634280628144,-1.5836605270559092,-0.438889660840254,-0.37751570223506487
0.053113498243463404,2.2137726807287765,-0.6149315692968379,-1.9336545136717809,-0.36592454855323425
2.8721075138814705,-0.26197569242310814,-1.9771507101209034,-0.2349615316649937,0.45831457070688997
0.8162033020025606,-0.002709489879995876,0.654589592573093,0.1020386545743112,-0.5069315422977136
-2.6325174872046966,-0.5359118533419162,0.6552756152829032,-1.0366253226903477,-0.33475159718032643
3.12122717188822,1.6614320831568195,-1.1169781709804154,-0.08017350007302071,-0.9336731623406339
4.867340382376157,-1.1876720260678049,-0.47004047352954736,-0.751494409986544,-1.091104619139363
-1.239539865280617,-0.9005961831929536,0.5347506073879004,-2.792226338004684,-0.5853034013012784
0.9699388571940437,0.6355783199550317,-1.2580430100531663,-0.6412914918338177,1.497359325481293
1.582040150546577,3.102916033399753,-0.600463195905454,-0.11128148666475657,2.02426923983187
1.0409894572966414,0.029280857476833455,2.8464992461634777,-0.6623017081902963,1.0792785938995695
-2.060436945775743,-0.6510463642757119,0.6633404999778306,0.45076885010441814,-0.11026945044940258
0.2788025826634352,2.4256798370401076,1.0311110474243055,1.6084236456691865,-1.580534856389004
-1.7664062854252314,-1.1862614503936666,0.64609333627054,-1.1668091347700325,0.3436089958153455
-1.7954249325805747,1.3492836611466863,-2.1141870051065954,-1.703636960751821,0.29685504607386876
3.416886767531735,-0.15358920214682456,2.030016495637501,-0.5056287692558711,-0.5328817714964236
-1.5175659424633792,-0.6351097237722722,-0.5267176100128395,1.0443801460070194,0.11311113980775447
1.0128305834950122,1.787478475251757,2.1526299894523104,-1.3283362580595177,0.2604421526996795
2.952251893407724,0.9503974518202272,0.12966116803913375,2.0607431893234294,-0.9969586045406179
1.3169521438786391,-0.5800192421252691,0.34760922649470904,-1.9482210500641453,-0.1285426345505169
0.1702635660153187,-0.8439167992834973,0.28562374047434,0.5407177211022594,0.32818514927066084
-0.9426232938205855,-0.5480100772537774,-0.09924420007041758,-0.8839332989643974,0.3833502820351125
0.2240967663093481,0.19782318358460635,0.8027545680237883,-1.1664881261743805,0.3750017493006654
-0.6521094298676225,0.26558027335206535,-1.2013297504373746,1.9458442841780554,-0.43328051987779653
-1.2510003273802914,1.2178043815349369,-1.7471565641316495,-1.3416765040130725,1.3485762602288982
-1.8995570159440416,-0.3926238153197497,1.8728278297835892,-0.12421303833791378,0.3562626718614648
2.5382174167995943,-1.27719115368791,-0.7325530929527445,0.4079807644536889,1.734078189533304
0.09455012294134202,0.9513473497199011,-0.02185847298652813,1.8278412440243739,0.6003393600426087
1.385577001852393,-0.7872334013222936,-0.6592154022336035,2.1686919888679226,-0.4902104740532108
-1.2282795094096293,1.300838320562784,-1.349799488891377,-0.37617523542332193,0.26042078829292536
-0.5393387801189755,-0.22600303455948864,0.5253021430364486,0.3119763099338148,-0.4878959967572779
1.200119572933971,1.276447868007745,1.272677742715017,-1.7847887646779845,-0.0978923771529661
-0.3220912351428657,1.4444374004874978,3.0944866451604365,0.2223491139748245,0.23390784586001082
1.2388231952085376,0.09282538144472967,-0.5343947025591138,1.1575870418414185,0.8001777640860883
2.0163620118485857,1.2716962490562873,0.5972968826724642,-0.12442396517128285,-0.8247704561922976
-1.3520660815151622,-1.9073983090054147,0.3314296909233071,-1.7884870730604525,0.06301036477952632
0.9969770097957374,2.5678981434499955,-0.23063038031451458,1.4401086742128903,2.56019465436409
-2.5071251853024905,-0.5333735026058992,0.3348521493194716,0.5648826013260411,1.1773136167654514
-0.3406112084342137,0.079436226632472,0.490778513616149,0.14851381115442489,-0.31085543500055773
0.48949289555061415,-1.898748584165091,-1.4397186308154064,-0.06436454711904632,0.9181446194651656
3.4630122945639026,-1.1215503910001163,0.321303937866233,-0.7782129996887317,-0.9482871606388726
-0.5644755203896975,1.0275036961275552,1.681629606373894,0.4776094438079254,-0.12632619723562347
-1.3324918198167404,0.9810772821017626,-1.113111122005119,-0.21104661116890785,-0.12841321598412136
0.556611254824558,1.7738988725047677,-0.2201819028657241,-0.48321530941436236,0.528567800367066
1.3111759391118458,1.699280721167108,-0.5577344171669354,-0.9056905876574836,-2.107370224313774
0.9380490702751965,0.6283164413780954,-0.1648776511349954,2.197585491468609,1.262697473328831
0.500717333931004,0.7151540067040323,3.902997185175153,-0.311805001412403,0.1422088809336448
-0.9900560619391942,1.6511746722115448,2.591505456046297,-1.7412530826325343,-0.3019944451043209
1.0177888573772462,-0.8119060257724716,0.895271985493042,0.750867539725804,-2.586779932179592
0.17582002397038993,-0.29516820180507347,1.1045416684513731,-0.18793925772474518,-0.10282148240652901
-0.9187775252910115,-0.5788321862418678,-0.5714914128821719,0.22132084190513318,-1.860922818652593
-0.5575134344967666,-1.3390790013513372,2.302431872523129,0.07116528963134117,0.36767876890154577
-0.05530840797340533,-1.0312117164252879,0.2681599599359603,-1.7503448068932475,1.21906757861034
-0.5192982307962245,-1.5938063781316265,0.01802589544999147,-0.016370826377645534,-0.5773673629117723
-0.6797836178199766,0.3813996545306272,3.771095742265175,0.29321827715055854,0.15744086091208545
-0.508776031610168,-0.030707711607933,1.606972487485743,-0.39442697068259164,-0.9643209422217729
0.5919183591003564,0.17278975032548732,0.5349717583084551,-0.7504793036956722,2.5900440902923636
1.2192951149851756,0.35687687040386323,-1.5047458125649602,-1.7933374100765387,0.7087997485134091
0.46165097622841267,0.3682284527345282,0.1992329561410983,1.5369192131787377,2.621776273128883
-1.811127673888174,0.7216408123698697,-1.5638499761280464,1.0050295264428144,-1.1339545700803106
0.6046829646574904,-0.5840704094805145,1.6189103137950738,-1.050909640641291,-1.8727292015162502
0.18774626192198735,0.10172448034468022,0.12073520547609536,2.2907526278121084,1.690002052886431
0.9408772928934327,0.7474712056701746,0.07764164522486776,-0.777354275373698,1.3763733617138647
0.5950255595535368,-0.7500653921841131,0.16706355051367755,1.9684988461776107,-0.8290514062122798
0.8206771774172199,0.8759219686874996,-0.6542928359070815,-1.6159042283111573,0.9911103691818879
-0.23534834165037616,0.5880709318258115,-1.0301981723527014,0.31297821057433123,1.3055624664666854
-0.3993636439949756,-3.766172147830376,-1.3802508409748278,-0.08719725118405414,1.9629910857691122
-0.446261557397688,1.6184394442450525,-1.5556748599294479,0.29652070655144275,-0.6550373656998928
-0.5566352380483154,0.367647711941796,1.4287394665550532,-1.7268044876494435,-0.8720727340005672
-0.961537828177899,-1.9801100042492754,1.5157465128155037,1.7183857322172613,0.01859504181500981
1.2760760196028458,0.219545892171904,-1.8345937456693395,2.9578820932380414,-0.2849706324036197
-0.38076594338398734,-0.23441215443314606,-0.5900041802758871,0.19324506991244703,-0.3218545667671224
0.28590556476024676,0.49266380344580873,2.0386677586063304,-2.625372368804327,1.4309886494913926
-0.05302544051267149,0.39612975156038227,-1.7092383848503916,-0.4712816652831715,-1.6376990084335492
-0.5135482190650656,-0.49845419431691584,-0.6128510491348873,-0.8226609211315995,0.5462328153898787
-0.9934043446837562,-2.389516085800124,1.905258057869176,0.17839025017852564,-0.28488139488475267
0.2570053502304219,0.32049903943233227,-1.5257562363805877,-0.8729625159680098,0.19834370629829964
1.4128543337010553,-0.4774043037613853,0.1169826163254368,0.1362095631473403,1.4827729125794182
-1.5941435568245825,1.2455080383766903,2.4827716743238586,1.112670160834541,0.08660411796504894
-0.27005535861689545,-1.4393737142053842,-0.7163056218811213,-1.5902839630759547,0.004688607101664226
-0.9298818421503363,0.16344203784834138,0.9400800994722414,0.10024317178018538,0.7115780812607215
-0.35804847016517144,-1.0933256082328378,-0.33610008496125676,-0.4654102853443494,-1.9745571213030775
1.1730070585578674,0.10767133790055486,0.5107138677778476,-0.992263586664037,-1.0051217182961147
1.3152729219524504,-0.12717503515289566,-0.7085868928725291,-0.7213424432490073,-0.7425695813910773
0.1614244864388589,-0.05688940727124135,-1.063787724396515,0.3303688071030983,0.16861058962935316
-3.2391342357047246,0.33596057099917,-1.56216674453037,0.5777418800928252,-0.9036125865596
-0.3520252760404199,0.023967822787370193,1.128513457269786,0.7080731730221846,0.02388380393492975
-2.61665412890611,2.3499421327587515,1.1145545177002734,-0.03666943359151764,0.8740111791645134
1.089975080340457,-1.3473265574775877,-1.179313194273253,-2.454284828040352,-0.0820906698521853
-0.6071179466501634,0.5088380305340985,0.2865013433183159,0.7379873626840244,-1.6847561402683002
0.26004869734721797,-0.45840695330281683,1.5203649961582812,1.0492376699312056,-1.169020985439683
1.1741087220369393,0.3503424546974642,0.38866590878961726,-2.4582397604526802,-0.27944981898385196
-1.8675237278641976,-0.9231096923837087,-0.759754485799564,-0.645805048921434,-0.1903097192471034
0.39023553154703655,0.8632945562770634,1.824032356987142,-0.2938347665609407,1.917074201449831
-0.36917705217026553,1.8746874050117754,-0.2688851571984323,2.470057699381679,-0.5194174519903885
0.8716845890003058,1.8166736164376305,-1.7398861700688129,-0.021894705974148478,-0.25140180069834683
-0.5819891446634909,1.1024311645099185,-0.09875902841420223,-1.3431437191171247,-0.6156516528721242
-1.3821835301126901,3.0942691359025605,0.18593867408445824,0.21771599512266812,0.6517928823110255
1.2374031289296223,0.5792273311028175,0.3693260019283838,2.583153932267418,0.34024781502618295
0.9884381660772483,0.8538350800209509,-0.31344204897769057,0.04682864420395238,0.8324225977932462
-0.16838234834103394,0.7244549181862702,-0.1931046527927004,0.3889165516572521,-1.4805928352978965
-2.0048049617456596,1.0773156462332756,-0.17436088501314195,-2.2149229073138326,-0.3373927683962228
0.32142116450478736,-0.9660089404223162,0.29548562598420874,-0.09988020704427349,-0.5775604772771724
1.2201690836736436,1.6243817560573504,-0.3011791158984792,-0.2823989582693682,1.1042843372147215
1.1385182503278053,1.1368321480280543,-0.0572206365110712,-1.6925617421409223,-1.9131541978445707
-1.5702341570069513,-0.2907610995858086,0.9671420840327325,-1.9257448126763697,-0.9073470922227089
-1.2063996584072705,-2.8700649290436355,1.2292855363089703,-0.9612468284859463,-0.4049264829708137
1.4602294299024852,0.8482466418922064,-0.5638891936220235,1.3025319049508703,0.2042585411482611
1.372606067094296,-0.3293582517655704,0.29614914734090997,-2.347799205184074,0.46364545822673464
-1.7436473253153861,-0.7740993834034432,2.2974065068236342,0.23780932760810436,0.010963715540642597
0.6072100359188645,2.9776304117654813,1.1630985003273389,0.5939424098506224,1.9507850199618728
-0.9688895705510309,-0.38497059520665283,-0.2520475018945002,-0.9346153388420616,-0.9866307442498189
-1.0005713326956698,1.1818788510513374,-0.2987477334406898,-1.0661180581810756,2.179916464742612
0.5022957820260717,-0.1674534423337698,1.6265474152228059,0.4659288711719948,0.7724569060502349
-2.6529796211095684,0.8809473888678334,1.5694451527115367,-1.2881933446224372,1.0273400962218229
-0.3483712589858738,0.822778679288621,-0.9928448377773916,0.690972654495503,0.230854181886708
1.0715117694898877,-0.23064733946866056,0.7880448680248326,0.11971778728622831,0.7201115170566563
-2.342178871338094,0.5704167810444216,-0.27504270762428373,1.1183414302420212,-0.6254612814762399
0.03549216889555372,0.6575905150585055,3.1794655010276247,0.47950244792419394,0.7385506550703171
1.6516759368144938,-1.0444627803769204,1.0461764931243367,-0.8210744006697466,-2.190948922296195
1.4282439527860724,0.4475048888355731,0.9598676295029048,-0.006645683347733916,-0.09185071887376664
-1.1442679830192128,1.4437590025948237,-1.2471475422089315,0.11720348872023204,2.5414594380242117
0.7011325089775654,-0.4506599179776312,0.5418231042587754,0.991277098788218,0.509793934527117
-1.679245868106797,0.0012429260117234296,0.10682572564114633,-1.7359423817687936,-0.028629821193388142
-0.42447258286540784,0.17611097309930504,1.7613141897175146,-1.3256743623296825,-0.36590068532498093
-0.7630868197388743,-1.6781853827887923,-1.7560132981354577,1.883902515522236,0.9740803910800178
-0.41669129209068084,-0.7535116948042542,0.4346591764795111,0.8829504760700011,-0.9285896917098312
-0.4620249495009233,-2.3488283415662345,1.9145049083120242,-1.9102174559549983,-2.0164532592506323
1.591954241363974,-1.8028757862043994,1.2583961094116392,1.477604752715408,-0.949645071223135
0.39933788346053717,-2.005455300401154,0.9307567608579154,-0.6753131541094565,0.8371967634091487
-1.2307322754890297,-0.08907658253149586,0.07035853687210705,1.2504894508339073,0.5307314001004925
-0.7646190479363583,1.6315329368697118,-0.47627141078639523,1.370298694381052,-0.30588690759069953
-0.013266493161375075,0.3979097692058822,1.83341520335393,1.779125099983381,0.23031572750290547
-1.2108141263556669,2.770745695760898,-0.5273862553413475,-2.0808208214164803,-1.639470725719098
1.487580585650653,-0.3314479922507924,0.929875308688852,-0.3524907178456474,1.5868074191629402
-2.0453388306899116,0.2702851391730415,0.8960221723746851,-0.6062929988834022,-0.42587114929326747
-3.200969624840297,0.19942610277963427,-1.602815173240976,0.19669341471922955,0.5390226704667544
0.23009959756773046,-1.411668889789009,-0.7523310794195585,0.9824056177084343,-1.7291392482169992
0.0745671344500994,1.4543353085750292,-0.7467246949012518,-1.336530481513099,-2.3879654994053725
-1.6777271378963738,-0.027723246405007864,2.464515993855193,-0.18182719535973843,-0.5098694691893674
-0.24667974455053432,0.1267806495313304,0.18363270207013777,-0.8343142414702555,1.103544783062679
-0.286388850991728,1.0779053062709547,0.5795798135331232,-0.6025921642151398,-0.9964758311999998
-0.6646169951996885,-2.994202376228737,0.7541154632973589,-0.1774543779325826,-0.9722793498752748
0.15841398563321132,-0.6244336773721993,-0.5123522573570504,1.660539613477503,-1.1732435183111471
0.04262371973582777,0.5884792703217465,1.1536662028784388,0.03253501467756044,0.5327291149751635
0.49022307470663573,-2.780132917857876,-1.003590721114037,-2.365937796105183,-0.37717896762306113
1.0137795489068981,0.7922886886094039,0.3408860881912757,-2.1151949777838994,0.3547948589775881
-0.6609702289466042,0.60903499519001,-0.04270912078173727,-0.33762313640424874,1.7944222206913485
1.8099186673922392,0.5545405781881325,-0.19354013567639103,-1.4733471169680539,-0.4417926533093425
-0.365136168840564,0.6036097984281696,0.6704733035331433,-0.2087375670109557,-0.6043886790571728
-1.3358806903870288,0.9970023371797249,1.1360573432577887,0.7805334504162459,-0.7182360443554654
0.04607581250446073,-0.12503593001766192,0.5038490231189593,0.0020248862845018796,0.9951019902075657
0.5157942218349874,-1.9802340433423875,0.5934177281913423,-2.204864525415566,-0.7851122941860229
-1.593778254551611,1.8710578376254015,0.3350702848167681,2.3216675472958515,0.3315996189715451
-0.6641423618980326,0.18291870560577925,1.7830200369054676,0.05574514784255905,1.9521042034527354
-0.5690820415026288,1.3078831144037226,-0.27403592208709354,1.7788632367247337,0.4710384816626126
0.013935206071638888,0.5314123392588848,1.0949459889973763,-0.603788144657824,-0.22063745478599397
-1.0207485025162217,-0.4708047834154017,0.6263303829785641,0.5824277187904501,-1.5070781005476592
0.9063777930018547,0.956096650137279,-0.6704011294836588,1.9371179066471842,-0.2344641983653248
-0.520920747220596,-0.3207555086311918,0.1114815238141889,1.9154333045991614,-2.1810835589518227
0.025684061988976974,0.2955765146872153,0.9014682885919739,0.022085156475930557,1.0718248717738903
-0.3948793482606092,1.6758458428475393,-0.22861913584463736,-2.4027936445166396,-1.2891180799863695
-0.10731297637272079,-1.9694561382004596,0.24570305882587437,2.1139154359578405,2.1793323960100026
0.9116849369793211,-0.7265242470470213,1.4714792432486745,1.3680212200820592,0.9635327108458926
-2.3519082031937977,0.13088559081685197,1.0917866421006543,0.4192074540109895,-0.08103615686489113
-0.9456660350129231,0.10095255225448217,-0.67224478674633,-0.814899419052493,-1.2822299221664408
0.12372497980357886,-0.0459599843294338,-1.7546878827611734,-0.6234479193546962,-0.17057429096701807
-0.8798419085212104,-0.358085594767976,-1.4691779967272172,0.562609379950694,0.2683150819911623
1.0947290105834762,-1.6452461942956251,0.5514028322405979,-0.4325081177469521,-2.018201616351101
-1.064416806997349,-0.17193627386109345,-0.21615334692360547,0.14438430062351668,-0.731715373123429
-0.3170086646326612,-0.40919868138596105,-0.43537266388949275,0.21283148511131514,-0.29122812944380727
-1.2581907267686494,0.32892574960640597,1.608768357134643,-0.461726087401263,-0.5461995425556516
1.837667860483221,1.4346052448529327,0.3758228479920713,1.1107956111849693,-1.9429293762148367
-2.077032657574191,-0.4038194414753556,0.2666101696610837,-0.41225600420198,-2.413216415333306
2.707359974389653,0.05162818755208901,-0.9011090102941246,-2.182639092715955,0.5706441915555167
-0.5293045824321326,0.9986606649925703,-1.0147677009224236,-0.708509498777005,1.66501667682548
0.11677337671078011,1.519498766675207,-1.2247925468614045,0.81629949697834,-0.7630243570713259
1.466395807222095,0.31291298570483894,-0.28947824625746454,1.531625620125139,-0.431737783517698
-0.5885241711331175,-2.1551110918710696,-0.5458941417919657,0.7261776847370437,-2.145105532024601
2.5234325683219283,-1.8445864095178144,-0.2695969366560552,-1.2839224774429125,1.2703103065297168
0.6196511374885519,2.2562826478368505,-2.374310019222644,-0.447529921307101,0.8717500975725125
1.5971221996249383,-3.004209814364451,1.1246992945447654,-1.3864672677570924,-0.8221548653187248
1.657255545464866,-0.9807221906305112,0.9576069612948628,0.791671183373188,-0.7177195982683453
-0.150849127307279,-2.5891914155345437,0.45284489479466405,-1.4278620023608448,1.8277325266769917
0.2894347339585664,0.10253696642191816,-1.341869325690975,-2.245245398931708,1.5380882353890122
0.48386660153895994,-0.906638643899701,-2.622781836482504,0.572570498076166,0.3082229559316471
-1.864357096662907,-0.6801353119953517,-0.9733805958294257,-0.4534828014167232,-0.06599190063048492
0.11973389767808063,1.0357632094351321,-0.8559234344963624,1.752197780547027,-0.8416069947288353
0.14518231455858474,-0.25125625026119053,0.8625301777301789,-0.4708569251931765,-0.8396962063256815
0.11777748199400262,0.517771227559852,0.30089503685388047,-0.5413004208370531,0.6216135195532972
2.343769327436006,-0.2444988260748674,-1.5682990596507624,-0.2264352421787727,1.5154001344439334
2.1739437924730227,-1.7312394169040486,0.2500844710888704,2.46562703693774,-0.0887661489783001
-0.6774985201640719,-1.3637942406213297,-0.7493563572456349,0.42995478627130274,-1.935992051918912
0.06856131094932054,2.1098114351539894,1.8003347013712463,0.08755905880516195,0.14151354006936548
-1.1917835427810723,0.37068523921526975,-0.9934342400673637,0.6745483378396017,-2.355899559179478
0.6977000139967707,0.8193311584041826,-1.52255551404582,0.5840787084872591,-0.15430429278518895
1.3708265947376332,0.5881655524905555,1.4764294219013594,-0.9251915905476903,2.2991525188454554
1.622704203603411,0.5125082129426397,-0.06910883657698794,1.2047610443110766,0.26300724863450414
-0.5643932985203634,1.8748542430251118,-0.5666086907392631,1.6673650538097295,2.99017978697348
-1.2002914726978526,-0.991672820615928,-1.1643632280978455,1.1216085093099348,-1.1737824145333309
-0.5559588060007463,0.24626147143898477,-0.22134031882850394,0.3499586792291323,-0.2644291066194915
-1.5595649045955098,-0.10046836639672584,-1.273987284212341,1.373030462943096,-0.2783937246794403
1.1932819337396745,-1.5181376538418434,0.5932525121648521,-0.9102764109762204,-0.5638486346415948
0.25902319864771767,-2.028164304746105,1.7489825920134316,0.8098276450865136,0.5740401486443012
-0.8310937964225047,0.5816189035635623,0.3049592371318083,0.10254349030058595,-0.09932296441220093
0.7182280783646896,-0.8240651395663446,-0.15438881935088458,1.5524345515724032,-1.0136550356593885
-2.3189051382417167,1.3658567444858039,1.1440585612895726,-1.9489881903722468,-0.008215593618358243
0.695650453186823,1.375120257063286,-2.741205919548476,0.267874733467109,-2.4218891710716672
-2.6969775725879743,0.21815745384694846,-0.22615035035214695,2.8037993801869368,-0.10647083028874366
-1.4054877478928105,0.05530356881282093,-0.044633599206828196,-2.313965554289063,-0.8575251617882498
0.6909041100772894,-0.19133114316509803,-0.5693065447786501,1.909918838886202,-0.6678214847784182
-2.1903104919040226,-0.8130037316790611,-0.0776529482627508,0.7710046159633338,1.7295408499845915
0.2167275591147782,1.0560412509520034,-0.5344141831378229,-0.18179162140990798,1.2091451253822585
0.17124709185789397,-1.0592494158395995,0.441733531985038,-0.2536818284486818,-0.10406789376311869
-0.3665367396016487,0.19053858543777463,2.2787296263466716,-1.9510271969637185,-1.9966810864159399
0.9828487804025497,-0.3670578249294311,-2.5376535392211816,-0.14132429690955225,-1.0583074413312417
-0.007878405164186688,-1.3450819939034864,0.8240670506973561,-0.4806406588662452,-0.3401879525264947
-0.050214139835539504,-0.3953529159419744,0.46583938956922244,-1.4469908789359383,-0.8627099956519381
1.6345117262525068,-0.5969293665302204,-2.2633354241077894,-0.6706532514974723,2.1779946965731143
-1.0478311299299221,0.8751138392459811,-0.06027829195316291,-0.7106037229760178,-0.7899671132771335
-0.6370691838798902,0.7191128382735545,-1.0486932090911263,0.7788944985730195,1.6312166538283046
-0.45369887565468964,-1.0197084454298322,1.3742901366697404,0.01688005481527022,1.903345628270681
0.23893659524529187,0.2842076344014224,0.048226325544772235,-2.051920484469947,-1.7028215673682694
-0.7463507925852197,3.234260098321249,3.23940382136127,-1.491014399473653,-0.24446856633914482
-1.4579002185679317,-1.883813217256546,4.0489511908883,2.8330641944763366,3.0400046832859324
1.49740706468011,0.5303496742883471,-1.9075431199809723,0.4189304712024686,2.468204677143139
-0.28980205821364446,0.38154766158348075,-2.3191103123082764,-0.572165173475768,4.1943076062970395
0.9837965096066812,2.072260818862974,4.311235451702286,-0.06065220867671517,1.315278253614773
-2.5567814402396927,0.24758817821766144,-3.2555519899593595,-4.0034938256554256,-2.017892349029392
-3.5369217295594004,-2.6428373555781537,-2.6926687665179525,-2.5955650823801193,1.5216996587206273
-2.783764556746114,-2.119230565819172,-3.7883760213861093,1.0485501146764182,-1.7715078716587547
-3.4659416254913413,1.838764413756948,-2.339434218305659,4.421632217831117,-3.0638932458503056
-3.6331021284797855,3.1927219120861228,-0.6851241671522472,4.268499973528389,-2.4752501413685595
1.5306260225241948,0.48543702794936383,3.9449243898474293,-1.7112011462952812,4.060666382996217
-0.6016818092756613,-2.1372600517735822,1.1490297065052877,0.1640245187448226,4.481291134985307
-2.1436913718520847,3.0736899696306708,0.8070665061877067,2.588232033379496,-1.1731576919471078
1.1158016070622399,-3.2130241441979805,3.023121304645729,-3.4807051055937652,-0.8927633117815885
2.8432646581307237,-3.434441257275179,4.583671801497156,0.7558820982246441,-2.5782649457292557
3.266556903973026,-3.427523481591014,3.1376010661003715,3.8886562633202857,-2.9168512374775135
-1.2052083778033014,3.2676571433311414,-3.6206487137799686,-1.2961361677712588,4.820142883462415
-0.28041051284442986,4.009895255160684,-3.330889026375239,3.1993301322665895,-2.003588590585208
4.767563691545202,0.8516867412802585,3.0782100521414675,4.751892133755664,1.2486693816848131
-1.6100963153752819,-3.6876933394142153,-2.2995029080840435,-2.1375564056058898,4.2207484299938525
-3.842837138918789,2.941065087850064,-1.2824529619973877,-1.9194588820038048,3.467236910243696
4.771984285228761,1.767113242608235,-1.9656931475313058,4.102150374303909,-2.8605286247749504
-4.183509894361026,-2.181396777638972,2.2859326643262063,-3.2375658122991293,-0.36424354476184995
-0.7407220547850311,0.3152061635073382,-2.3030910737866086,1.5562607308297407,0.7077620824119073
0.3895889094872178,4.181985748548824,3.559919870949039,-2.6150157793811943,-2.1432661739614205
4.393672528584366,-3.4930294767252836,-2.8374036857343636,3.5124523357881205,1.7309770642314044
-3.3514883213175604,4.097413712019609,4.763286122487731,4.546571325870483,2.4345204938348752
2.139565054918638,0.3491757795474424,2.380365761851075,-3.8405973628746413,-3.797308256503376
-3.8363112546578493,0.677537567592366,2.0765587456043724,1.2237942877923196,-4.309825066273065
4.425961075139805,-3.8713297878036075,-3.009158532389997,1.4470163440484018,0.6017133091720765
1.1621280891674441,2.8230086795171525,1.4555552230968205,-0.8019929486014519,-2.318727345996747
-3.9649573589626153,-0.46793575298233847,3.1591965883455497,1.0755190723603443,-2.649211973334026
-1.6409052867006793,0.164826357781922,0.4278047217749217,-1.2364008914505615,-0.13840918992972018
-3.4162613618339943,3.4874134778718444,3.5014442444744898,-1.0369843939031287,1.9441894263703317
-2.2439350114668875,-2.0909361977920495,0.31423806713127433,-2.8460540781337436,-2.902469981002917
1.3287293840225933,-2.0274704105658143,0.28088098324621136,3.646681084980946,-1.7199140999073061
-3.2327976009389587,-0.24706835814882933,4.164794628910897,-1.2409831837844023,-2.5752982773318247
1.2132157249982463,2.4150094886286846,-2.4566697302810105,-2.076482526925125,-0.7022809733331226
3.7653103552587535,-0.32364194583229544,0.5873318281345004,1.3591073227539692,-2.5635692533719645
-2.0489263144760623,-0.6484839441897572,-0.02451310443574961,-2.1044890777667455,3.551872316991801
-1.8215416107149704,-1.0063500244072965,-4.0497636245080075,1.2851873243080636,2.3632980584828154
-1.094874540450439,2.22929838565999,3.3092713048685747,0.0687435294809724,-0.9035146792781741
3.52852261017269,4.658401508548309,-0.2816030111662977,3.2822462312733034,2.536225873443029
1.5598454452741901,1.7899284833377607,-0.376520215464597,-0.5694821766061726,-2.0239885521123853
2.4438010010661184,2.4675524263688278,3.052925153914898,1.9576361498398809,1.514733572963233
-2.2434042118377677,4.464372481396541,-3.4012474440851044,3.562624554600884,2.86555760903361
2.580723992211211,-4.278946255872361,2.434285156607374,2.626269731764461,1.3368143035478637
2.1993012478080676,-3.852218268780422,0.6021123023627011,3.3189164062178813,-4.18338846058033
3.8187316716596964,0.07316186504523614,-2.437403491608536,3.430645491421405,-2.876810356983441
0.4673301914953969,0.5747241676026409,4.46439433478205,-4.303560710606088,1.3537882459594668
